Timestamp,RDCC_TR_B2_1001_I1.PV,RDCC_TR_B2_1001_MW.PV,RDCC_TR_B2_1001_V1.PV,RDCC_HVS_B2_2001A_I1.PV,RDCC_HVS_B2_2001A_MW.PV,RDCC_HVS_B2_2001A_V1.PV
2020-01-01 15:00:00,82.14241,14.5257654,117.126587,859.632751,14693.3662,10.8956985
2020-01-01 19:00:00,87.79303,15.58125,116.735939,906.5459,15715.2373,10.9945641
2020-01-01 23:00:00,87.90146,15.8265629,118.653877,918.302246,15966.5908,11.049654
2020-01-02 03:00:00,81.19074,14.6327257,119.7443,864.095337,14841.7266,10.9975786
2020-01-02 07:00:00,80.51278,14.3551168,118.7635,851.073,14541.94,10.9701109
2020-01-02 11:00:00,84.07612,14.9929276,117.637985,878.9059,15195.0605,10.9862
2020-01-02 15:00:00,86.93457,15.6021395,117.6994,904.110352,15727.9844,10.9811726
2020-01-02 19:00:00,87.1812,15.5312605,117.662415,904.975,15675.8691,11.0179377
2020-01-02 23:00:00,82.4957657,14.6502781,118.788589,862.179138,14775.6172,11.0349407
2020-01-03 03:00:00,83.53138,14.8724747,118.158478,880.366,15024.3506,10.9359846
2020-01-03 07:00:00,89.32282,15.9681234,117.403328,930.9304,16086.4863,10.9467058
2020-01-03 11:00:00,89.013504,15.9021845,117.186157,926.229,16060.1211,10.9320641
2020-01-03 15:00:00,82.63155,14.686636,117.930817,862.787659,14831.4219,10.9680223
2020-01-03 19:00:00,81.48231,14.4107237,118.019531,850.6731,14577.9268,11.0047512
2020-01-03 23:00:00,86.84951,15.4240522,117.767212,900.1614,15610.4639,11.0549984
2020-01-04 03:00:00,88.15158,15.9605618,118.907265,931.549,16143.8545,10.9841633
2020-01-04 07:00:00,87.0898361,15.6334333,118.324532,913.7562,15773.16,10.9745264
2020-01-04 11:00:00,84.39096,14.8155127,117.106453,875.9193,14958.3037,10.96532
2020-01-04 15:00:00,85.49133,15.1765308,118.133377,890.771545,15321.97,10.9800568
2020-01-04 19:00:00,90.81619,16.1947975,117.723747,946.667358,16417.4629,10.9929657
2020-01-04 23:00:00,92.29395,16.47304,118.005966,959.996155,16674.3262,11.0287056
2020-01-05 03:00:00,86.727684,15.5139027,119.227577,910.856,15659.5068,11.0207577
2020-01-05 07:00:00,84.9644852,15.0782833,118.621155,890.4493,15217.7813,10.9849072
2020-01-05 11:00:00,91.07045,16.0744324,117.498772,948.7131,16291.1406,10.9820662
2020-01-05 15:00:00,95.7715759,16.9357243,117.0016,988.7267,17114.543,10.9898043
2020-01-05 19:00:00,93.9339447,16.5991173,117.518677,974.7491,16784.2734,10.98065
2020-01-05 23:00:00,89.21403,15.6094513,117.975204,926.124,15775.6914,11.0338726
2020-01-06 03:00:00,93.85025,16.352932,117.306511,970.3326,16574.6152,11.0039873
2020-01-06 07:00:00,99.01967,17.4777679,117.753151,1026.237,17683.1465,11.0011787
2020-01-06 11:00:00,98.00965,17.29234,117.341423,1014.32965,17509.873,10.9681606
2020-01-06 15:00:00,81.3973846,14.2559958,117.542175,842.2644,14426.6143,11.017664
2020-01-06 19:00:00,80.00048,13.9969168,117.979408,833.241455,14138.3877,10.9659452
2020-01-06 23:00:00,83.5399857,14.7965212,118.488525,870.7849,14931.1748,11.0225582
2020-01-07 03:00:00,87.6590347,15.5478344,117.638435,909.462,15710.8135,11.0014277
2020-01-07 07:00:00,86.11733,15.1147747,117.088737,894.2055,15367.29,11.0251417
2020-01-07 11:00:00,81.40429,14.0411768,116.454727,840.6071,14247.9326,10.9603748
2020-01-07 15:00:00,85.0251,14.6917839,116.58606,877.567932,14923.2842,10.9702377
2020-01-07 19:00:00,90.09892,15.8150339,117.320938,926.208862,15964.0205,11.0366659
2020-01-07 23:00:00,90.37438,16.0299644,118.432007,944.6073,16229.5605,11.01694
2020-01-08 03:00:00,85.3442459,14.98908,118.449158,891.5743,15185.01,11.0020847
2020-01-08 07:00:00,83.94586,14.659235,118.269867,877.242859,14827.458,10.9954624
2020-01-08 11:00:00,87.46067,15.2633934,117.099258,904.5923,15513.9775,10.9945164
2020-01-08 15:00:00,90.20493,15.9768343,118.057686,940.221,16174.3174,10.964201
2020-01-08 19:00:00,87.484436,15.4526367,117.677536,910.840149,15630.2666,10.9264345
2020-01-08 23:00:00,83.28646,14.3903894,117.11158,865.5095,14609.8779,10.9505043
2020-01-09 03:00:00,83.28982,14.5639858,117.881226,871.4495,14734.6465,10.9532261
2020-01-09 07:00:00,88.8771,15.68543,117.697121,924.4768,15886.1582,10.9798508
2020-01-09 11:00:00,89.08423,15.72674,117.432953,922.8037,15881.5039,10.9736633
2020-01-09 15:00:00,84.4179,14.6999607,117.102119,874.8101,14880.4082,10.9459543
2020-01-09 19:00:00,82.3298645,14.317523,118.154694,856.230469,14539.2969,11.0220394
2020-01-09 23:00:00,85.63347,15.1698637,119.018578,898.435,15352.3047,11.0116749
2020-01-10 03:00:00,88.9378052,15.85793,118.502708,933.4782,16042.7793,10.9501791
2020-01-10 07:00:00,88.66992,15.515523,117.036316,916.3184,15691.5459,11.00523
2020-01-10 11:00:00,83.1548,14.4353485,117.34803,860.405334,14613.2656,10.964612
2020-01-10 15:00:00,83.6335,14.5693369,117.47731,869.3477,14792.3662,10.957756
2020-01-10 19:00:00,89.2362,15.7066135,117.5511,923.976135,15890.2158,11.01245
2020-01-10 23:00:00,90.29239,15.9655857,117.998032,935.5138,16145.6475,11.0372152
2020-01-11 03:00:00,85.15801,14.9201536,117.951675,888.0353,15051.9492,10.9908295
2020-01-11 07:00:00,83.05398,14.4876013,118.107773,866.87616,14666.3086,10.9896145
2020-01-11 11:00:00,86.3453445,15.1393738,117.498032,891.223267,15307.9131,10.9972305
2020-01-11 15:00:00,89.37909,15.7906532,117.581833,922.621,15933.2119,11.0296669
2020-01-11 19:00:00,88.01382,15.5003338,117.784462,915.835,15711.791,10.9886179
2020-01-11 23:00:00,82.80146,14.4450493,118.049423,865.0477,14615.0977,10.9671679
2020-01-12 03:00:00,83.636795,14.6920824,118.747772,876.3984,14901.5439,11.0329981
2020-01-12 07:00:00,88.88797,15.841959,118.878059,929.844238,16002.3877,11.0068045
2020-01-12 11:00:00,89.87711,15.833684,117.238342,928.1265,16035.9082,10.9990625
2020-01-12 15:00:00,85.88388,14.9025211,116.645386,880.85376,15014.3584,10.9930611
2020-01-12 19:00:00,83.1057053,14.4521666,117.776131,867.376831,14670.9912,10.982893
2020-01-12 23:00:00,87.18742,15.369544,118.550926,910.02594,15581.6777,11.0226612
2020-01-13 03:00:00,89.67046,15.9774542,118.7139,936.646,16169.5811,11.0249634
2020-01-13 07:00:00,88.54223,15.6562338,118.220718,920.4904,15863.4561,11.0252085
2020-01-13 11:00:00,82.69053,14.4324989,118.087463,863.069641,14622.7852,10.9689913
2020-01-13 15:00:00,85.39639,14.77044,116.977943,883.286438,14976.2734,10.9727144
2020-01-13 19:00:00,90.93911,15.8743858,116.741684,938.625549,16098.6182,10.9772758
2020-01-13 23:00:00,92.5735855,16.2723026,117.23732,956.3435,16446.3262,10.9827232
2020-01-14 03:00:00,88.08766,15.43335,117.950752,918.010254,15572.4736,10.9615536
2020-01-14 07:00:00,85.68374,14.8855438,117.829155,893.8804,15117.5117,10.9807177
2020-01-14 11:00:00,87.76047,15.3461227,117.0904,903.5838,15510.7617,11.0032558
2020-01-14 15:00:00,80.62856,14.5194073,117.084007,835.2095,14638.6074,10.9774733
2020-01-14 19:00:00,82.73791,14.4408073,117.874245,863.3386,14617.4648,10.9511766
2020-01-14 23:00:00,72.36108,12.9863539,117.981026,756.3332,13103.48,10.9994659
2020-01-15 03:00:00,70.50273,12.6441431,117.978218,739.3288,12791.582,10.9793682
2020-01-15 07:00:00,79.6942139,13.9962626,118.026054,831.3094,14169.5771,10.9987535
2020-01-15 11:00:00,84.10951,14.8323822,117.67408,874.3483,14963.2637,10.9521418
2020-01-15 15:00:00,86.9203644,15.172884,117.957031,904.8311,15342.7139,10.9610357
2020-01-15 19:00:00,81.7503738,14.3210058,118.892189,856.3599,14505.1035,10.9899349
2020-01-15 23:00:00,86.39443,15.2157278,118.833344,903.7637,15414.3584,11.0121727
2020-01-16 03:00:00,92.80819,16.498127,118.680336,967.7905,16658.9063,11.02259
2020-01-16 07:00:00,92.75734,16.2500668,117.190384,960.304,16425.7363,10.9821491
2020-01-16 11:00:00,83.08758,14.5557117,117.447884,861.0743,14725.751,10.9738493
2020-01-16 15:00:00,79.7109,14.2056847,117.848457,832.7235,14373.2324,10.9751625
2020-01-16 19:00:00,85.271225,15.3792572,118.085648,888.3691,15511.84,10.9946594
2020-01-16 23:00:00,86.39141,15.6602631,118.390488,905.6281,15776.2344,10.9607658
2020-01-17 03:00:00,82.38796,14.765521,117.998917,859.017,14879.9756,10.9991531
2020-01-17 07:00:00,80.01845,14.19287,117.538727,835.6281,14367.042,10.9559956
2020-01-17 11:00:00,85.9803543,15.4139528,118.258415,899.3083,15581.2168,10.9582815
2020-01-17 15:00:00,102.146027,18.20916,117.26178,1054.5072,18334.5645,10.9410009
2020-01-17 19:00:00,100.435448,17.9776745,118.320564,1039.88086,18154.8867,11.0197258
2020-01-17 23:00:00,94.16063,16.76083,119.057449,985.11,16984.62,11.0275192
2020-01-18 03:00:00,94.89111,16.741642,117.660347,985.9285,16931.2832,10.9778843
2020-01-18 07:00:00,99.39637,17.84193,118.568054,1035.51758,18024.7637,11.0001936
2020-01-18 11:00:00,100.179588,18.0015812,118.30481,1037.82361,18149.8047,10.99687
2020-01-18 15:00:00,96.17078,17.0760612,117.814682,998.625732,17278.75,10.985568
2020-01-18 19:00:00,94.4164352,16.7103024,118.142372,980.720764,16922.3047,10.9915495
2020-01-18 23:00:00,97.68334,17.3735676,118.024132,1020.54156,17596.8789,10.9542074
2020-01-19 03:00:00,101.808372,18.283102,118.2891,1061.988,18465.959,10.97184
2020-01-19 07:00:00,100.63221,18.0613079,118.518929,1047.81042,18217.5117,10.99043
2020-01-19 11:00:00,94.38116,16.7647457,118.378593,982.901733,16951.0352,10.9814062
2020-01-19 15:00:00,95.06305,16.7957172,117.630135,984.0627,16997.3945,10.9782333
2020-01-19 19:00:00,101.121315,17.93891,117.211113,1042.60413,18147.6855,11.0127506
2020-01-19 23:00:00,101.773811,18.2619438,118.243637,1060.00415,18429.5645,10.9814014
2020-01-20 03:00:00,96.6452,17.2558575,118.609924,1007.86017,17419.92,11.0020332
2020-01-20 07:00:00,94.37572,16.719677,118.275467,983.377869,16914.3086,10.9971952
2020-01-20 11:00:00,97.5325241,17.1607952,116.744965,1001.15051,17350.0352,10.9944334
2020-01-20 15:00:00,100.9942,18.02724,117.488441,1040.21313,18189.5137,10.9961224
2020-01-20 19:00:00,100.109283,17.8657341,117.75248,1033.528,18017.7324,10.98948
2020-01-20 23:00:00,95.01419,16.8382359,118.216476,991.7895,17008.3652,10.9657078
2020-01-21 03:00:00,95.03441,16.8719215,118.182121,991.559265,17026.6641,10.9620008
2020-01-21 07:00:00,100.25428,17.9281616,117.909,1042.50916,18094.5332,10.955307
2020-01-21 11:00:00,100.603172,18.0094337,117.77195,1046.2395,18214.3457,10.9659328
2020-01-21 15:00:00,96.94535,17.1630611,117.304222,1005.6275,17389.39,10.94474
2020-01-21 19:00:00,83.0145645,14.6994429,117.716011,860.080139,14825.9961,11.0042343
2020-01-21 23:00:00,80.04711,14.4659872,118.954781,841.977844,14586.166,10.9995365
2020-01-22 03:00:00,84.27771,15.3097038,118.338257,883.159851,15462.9834,10.9988327
2020-01-22 07:00:00,83.72849,15.13267,117.929916,874.8605,15266.0215,10.97811
2020-01-22 11:00:00,77.63252,13.8229256,117.591812,810.9285,13965.752,10.9572172
2020-01-22 15:00:00,78.12177,13.8705511,117.207352,809.054,14004.4063,10.9853144
2020-01-22 19:00:00,83.38989,14.98169,117.5362,868.2803,15168.877,10.9846344
2020-01-22 23:00:00,85.2861938,15.4053125,117.971359,892.005859,15568.77,10.97688
2020-01-23 03:00:00,80.4079,14.4246893,117.940964,842.7751,14594.9268,10.9764681
2020-01-23 07:00:00,76.95937,13.7130833,117.683327,804.922363,13844.8291,10.9589071
2020-01-23 11:00:00,78.7171249,14.0216646,116.850861,812.628967,14177.541,11.0011158
2020-01-23 15:00:00,82.5543,14.8444166,116.945816,853.2655,14971.1523,10.9851723
2020-01-23 19:00:00,80.92888,14.5921955,117.391457,839.165649,14695.3662,10.994524
2020-01-23 23:00:00,74.81985,13.389802,117.909691,781.706,13533.3281,10.986414
2020-01-24 03:00:00,74.7369461,13.4573116,118.373016,786.4189,13588.998,10.9867506
2020-01-24 07:00:00,79.48998,14.5032759,118.425865,836.863831,14572.0146,10.9334564
2020-01-24 11:00:00,81.21991,14.7058258,117.322876,843.97345,14803.3428,10.977663
2020-01-24 15:00:00,77.52941,13.8543444,117.006721,799.2214,14005.3125,11.0453863
2020-01-24 19:00:00,74.75358,13.3667555,117.84063,777.926758,13483.2012,10.98118
2020-01-24 23:00:00,77.7355957,14.0318356,118.514984,813.318054,14175.4141,11.0162
2020-01-25 03:00:00,81.9804459,14.8786812,117.851738,856.859131,15015.8848,10.9849148
2020-01-25 07:00:00,80.75713,14.6961966,118.257263,847.8045,14828.5352,10.9761715
2020-01-25 11:00:00,74.71406,13.3867722,117.728004,781.5881,13520.9766,10.9524622
2020-01-25 15:00:00,74.58364,13.3541756,117.673225,776.275269,13467.5625,10.984931
2020-01-25 19:00:00,79.88183,14.460186,117.745529,830.804443,14531.92,10.9761324
2020-01-25 23:00:00,81.8359756,14.831007,117.73925,854.4063,14955.1943,10.9715548
2020-01-26 03:00:00,77.6119843,13.9966383,117.889427,811.8752,14149.6338,10.9900465
2020-01-26 07:00:00,74.3025055,13.2428789,117.527504,773.067139,13379.0361,11.0262337
2020-01-26 11:00:00,75.31052,13.5493135,117.667465,788.670349,13683.1836,10.9594488
2020-01-26 15:00:00,79.13969,14.387248,117.728554,827.079834,14505.9287,10.9712505
2020-01-26 19:00:00,78.45322,14.2021809,117.682037,818.2856,14301.1445,10.9927759
2020-01-26 23:00:00,73.73115,13.1494932,117.666138,769.434631,13266.7207,10.9986668
2020-01-27 03:00:00,73.38779,13.1345415,118.223389,769.4505,13295.17,11.0182219
2020-01-27 07:00:00,78.23129,14.1490059,118.030037,813.9669,14224.8408,11.0233574
2020-01-27 11:00:00,76.85228,14.0403919,118.431061,806.9896,14147.2246,10.9490166
2020-01-27 15:00:00,69.53593,12.5583677,117.711029,726.7697,12709.6865,10.9842625
2020-01-27 19:00:00,66.39018,11.8648825,117.528351,693.4112,11960.0479,10.9668627
2020-01-27 23:00:00,68.58416,12.3375168,117.64164,716.5656,12461.7012,10.977109
2020-01-28 03:00:00,72.40843,13.2173815,118.026176,758.9515,13322.5928,10.9729633
2020-01-28 07:00:00,72.5057144,13.15734,117.429771,753.7753,13188.8184,10.9634838
2020-01-28 11:00:00,67.821106,12.3460569,117.061409,706.667969,12438.08,10.9632463
2020-01-28 15:00:00,76.7327652,13.9732885,116.528709,792.075562,14045.5713,10.96926
2020-01-28 19:00:00,80.2383957,14.8140268,117.12825,832.2603,14886.1787,10.9977884
2020-01-28 23:00:00,82.32001,15.392848,118.651405,859.8989,15467.5283,11.0337267
2020-01-29 03:00:00,78.87571,14.5736094,117.833565,824.6644,14682.5615,11.0126362
2020-01-29 07:00:00,75.37975,13.8912258,118.039207,787.3871,13976.1445,11.0156193
2020-01-29 11:00:00,77.2944641,14.1753407,116.895538,798.4457,14265.64,11.0014515
2020-01-29 15:00:00,80.33475,14.855341,117.014687,832.34375,14927.8994,10.99064
2020-01-29 19:00:00,75.45396,14.0377321,117.53656,780.009033,14084.209,11.0289736
2020-01-29 23:00:00,69.7936249,12.9371214,118.205421,729.699768,12990.6465,11.0020781
2020-01-30 03:00:00,68.11758,12.7083845,118.77243,719.6112,12793.5635,10.9763384
2020-01-30 07:00:00,73.56528,13.7629032,118.193771,769.8893,13846.0635,11.0249519
2020-01-30 11:00:00,76.77231,14.2184792,117.540222,801.4898,14286.1563,10.951829
2020-01-30 15:00:00,61.2384033,11.230669,117.477509,638.9367,11311.03,10.978755
2020-01-30 19:00:00,57.0861931,10.4290419,117.951591,598.065735,10505.1377,10.99928
2020-01-30 23:00:00,60.13667,11.061964,118.256348,629.3354,11128.2666,11.0427427
2020-01-31 03:00:00,64.17562,11.9859362,118.520905,678.3475,12035.1338,10.9646673
2020-01-31 07:00:00,63.69645,11.8689928,118.353615,673.861633,11950.5381,10.9411478
2020-01-31 11:00:00,57.83761,10.6550646,118.573524,610.154358,10754.793,10.9787626
2020-01-31 15:00:00,58.2314034,10.6336336,117.679581,610.1975,10708.2627,10.9683266
2020-01-31 19:00:00,62.906044,11.5963831,117.758141,655.768433,11620.6523,11.0074415
2020-01-31 23:00:00,64.56782,12.0028067,118.356529,677.5604,12065.0537,11.0162563
2020-02-01 03:00:00,61.4225845,11.3442688,118.177269,646.019,11382.3379,10.9960279
2020-02-01 07:00:00,57.74459,10.56014,118.1486,608.0569,10637.7373,10.9951935
2020-02-01 11:00:00,59.81914,10.933877,117.371864,625.423767,10986.2344,10.9673929
2020-02-01 15:00:00,63.630722,11.7996912,117.927155,668.753357,11901.37,10.97309
2020-02-01 19:00:00,64.39717,11.8928518,117.527832,672.795837,11927.9814,10.9828815
2020-02-01 23:00:00,60.5131035,11.1031208,118.20343,638.919434,11135.0313,10.964529
2020-02-02 03:00:00,59.6952,10.9184427,117.801,627.5458,10976.707,10.9788742
2020-02-02 07:00:00,65.04191,11.9449625,116.996315,677.5936,11995.2627,10.9699135
2020-02-02 11:00:00,66.16662,12.2253561,117.25618,690.7167,12287.3311,10.9663324
2020-02-02 15:00:00,63.38402,11.6580582,117.463257,663.1011,11729.3574,10.9819994
2020-02-02 19:00:00,59.5327835,10.8354607,117.407333,624.914551,10925.6768,10.9806862
2020-02-02 23:00:00,60.72827,11.1769419,118.109352,640.2487,11252.4707,11.0145464
2020-02-03 03:00:00,65.8492,12.2012739,117.655479,688.771667,12206.9941,10.993207
2020-02-03 07:00:00,65.63675,12.1234541,117.48632,688.0135,12209.9727,11.0029707
2020-02-03 11:00:00,60.2731667,10.9001122,116.271011,623.977966,10989.1475,10.9761715
2020-02-03 15:00:00,59.8987465,10.8090944,116.34433,622.4761,10900.7813,10.9632511
2020-02-03 19:00:00,70.91199,12.9211359,116.821526,730.272766,12967.3652,11.0112038
2020-02-03 23:00:00,72.60667,13.4463425,118.436195,763.1508,13518.6211,10.9818211
2020-02-04 03:00:00,65.9706039,12.0316687,118.172485,694.8038,12111.6357,10.9869919
2020-02-04 07:00:00,65.8348541,11.90427,117.233376,687.4208,12018.2568,10.9862995
2020-02-04 11:00:00,65.26213,11.7920046,116.954079,679.6868,11877.0625,10.9669895
2020-02-04 15:00:00,65.23856,11.8319492,117.3698,681.3383,11902.69,10.9595594
2020-02-04 19:00:00,68.6049042,12.5481291,117.813522,719.2141,12679.7441,10.9973059
2020-02-04 23:00:00,71.1371,13.2736673,119.31057,750.116943,13337.7793,11.0293665
2020-02-05 03:00:00,71.39794,13.1274147,117.552292,747.4872,13188.8125,10.9697742
2020-02-05 07:00:00,65.9968,11.9286709,117.130669,690.2261,12056.12,10.96132
2020-02-05 11:00:00,64.8675,11.8081055,118.042725,680.035,11925.3281,10.999177
2020-02-05 15:00:00,63.7637749,11.8220177,118.167755,670.3186,11887.7656,10.9724131
2020-02-05 19:00:00,65.57054,12.1989689,118.12085,689.4676,12256.58,10.9660206
2020-02-05 23:00:00,67.10411,12.3652763,117.124138,700.0518,12380.1035,10.9447317
2020-02-06 03:00:00,62.7390022,11.4971752,117.296989,655.48645,11595.8711,11.0020685
2020-02-06 07:00:00,60.22596,11.02613,117.8383,630.582642,11072.0293,11.0059977
2020-02-06 11:00:00,64.17329,11.9492655,118.350143,668.800842,11971.8848,11.017375
2020-02-06 15:00:00,66.76487,12.4071064,118.1607,699.587158,12486.9326,10.9872608
2020-02-06 19:00:00,64.1824646,11.7770214,117.961288,671.1659,11862.0449,11.0053244
2020-02-06 23:00:00,60.7194824,11.0238962,117.543564,633.8195,11104.7891,10.9919968
2020-02-07 03:00:00,64.0374451,11.6794,117.252007,669.4108,11732.9688,10.989809
2020-02-07 07:00:00,73.433815,13.3980732,116.870636,764.8196,13500.3721,10.9587641
2020-02-07 11:00:00,76.91431,14.0254574,117.350983,799.024048,14099.2842,10.9495707
2020-02-07 15:00:00,85.8766861,15.6213388,118.203728,894.1753,15755.2861,10.9960279
2020-02-07 19:00:00,80.51812,14.557023,118.861092,844.1274,14693.209,10.991601
2020-02-07 23:00:00,83.8037949,15.21791,118.90464,876.8343,15322.1074,11.0357161
2020-02-08 03:00:00,88.75639,16.1214142,117.893486,922.974854,16249.6084,11.007659
2020-02-08 07:00:00,88.37942,16.1095543,118.288353,925.655,16214.28,10.9536257
2020-02-08 11:00:00,82.32313,14.9543943,118.83091,864.7053,15092.5635,10.9594412
2020-02-08 15:00:00,81.24795,14.676363,118.631683,849.847351,14802.87,10.992384
2020-02-08 19:00:00,79.55162,14.5714521,119.016685,838.7585,14684.6123,10.9835148
2020-02-08 23:00:00,82.98644,15.0634346,117.307793,863.662354,15187.2676,10.9706411
2020-02-09 03:00:00,80.78763,14.7617636,118.253906,846.237854,14908.7842,11.0070772
2020-02-09 07:00:00,76.05316,13.6475353,117.283607,791.687134,13756.3076,10.9760771
2020-02-09 11:00:00,75.9652557,13.73629,117.646805,792.328735,13811.0527,10.9543648
2020-02-09 15:00:00,80.94278,14.7390852,117.368858,843.1002,14813.7207,10.96786
2020-02-09 19:00:00,82.38684,15.014576,117.5744,857.097961,15097.1777,10.9844637
2020-02-09 23:00:00,78.13151,14.1365814,118.066559,817.8929,14251.84,10.9851446
2020-02-10 03:00:00,76.00257,13.7313557,118.20787,798.2889,13872.3867,10.9812517
2020-02-10 07:00:00,79.97522,14.5274563,117.911026,836.402039,14636.0781,10.97709
2020-02-10 11:00:00,89.35958,16.1431332,117.254021,924.0409,16274.5469,10.9941959
2020-02-10 15:00:00,88.14774,15.9039373,117.592514,916.7184,16047.7578,10.9614391
2020-02-10 19:00:00,83.0157242,14.8670235,118.039764,867.873169,15029.9619,10.9800291
2020-02-10 23:00:00,84.2411041,15.1552258,118.517227,881.082458,15321.2842,11.0294342
2020-02-11 03:00:00,89.68344,16.1934013,117.595215,933.1775,16321.8135,10.9710093
2020-02-11 07:00:00,89.735405,16.2471886,117.836777,937.092,16385.6875,10.9661741
2020-02-11 11:00:00,84.3425,15.0202885,116.855988,874.364136,15163.7275,10.9440556
2020-02-11 15:00:00,83.5561752,14.8283453,116.79834,863.6235,14962.2568,10.971982
2020-02-11 19:00:00,86.64104,15.5795355,117.663734,896.82666,15698.5537,11.0088968
2020-02-11 23:00:00,89.80721,16.32614,118.497833,937.749451,16464.0371,11.0222178
2020-02-12 03:00:00,89.40827,16.04403,117.135017,927.989868,16193.0137,10.9760256
2020-02-12 07:00:00,84.33645,14.9296637,116.744026,870.2641,15076.9941,10.9906874
2020-02-12 11:00:00,83.8166046,14.9190159,116.728134,867.217163,15044.3857,10.9504166
2020-02-12 15:00:00,83.03514,15.168581,116.594086,852.0311,15214.8965,11.0103493
2020-02-12 19:00:00,83.72692,15.3452349,116.96096,861.848267,15434.9531,11.0382643
2020-02-12 23:00:00,78.8627548,14.47284,117.965179,825.2068,14597.2578,10.9863434
2020-02-13 03:00:00,76.1576157,13.9269152,117.651215,796.1123,14013.1543,10.979064
2020-02-13 07:00:00,75.66576,13.84953,117.83345,790.2773,13935.0254,10.9993429
2020-02-13 11:00:00,70.1891861,12.843915,117.080879,727.6458,12922.7568,11.0098152
2020-02-13 15:00:00,69.7460861,12.8303823,117.611534,729.133362,12917.0527,10.9640894
2020-02-13 19:00:00,74.15637,13.7488708,118.395187,777.8894,13849.5547,10.98988
2020-02-13 23:00:00,76.87605,14.3768206,118.675667,804.8806,14430.0752,11.0362186
2020-02-14 03:00:00,78.78489,14.1291571,117.412727,822.6345,14255.6133,10.9744749
2020-02-14 07:00:00,80.29145,14.3120241,117.328575,835.2382,14445.4824,10.9740429
2020-02-14 11:00:00,79.3497543,14.152463,117.312889,823.0244,14287.7607,10.9905405
2020-02-14 15:00:00,78.13797,14.050806,118.192955,817.098755,14188.1406,10.98067
2020-02-14 19:00:00,79.7657242,14.3188334,118.228683,834.342,14441.76,10.9614544
2020-02-14 23:00:00,79.78421,14.3010664,118.02916,834.080139,14447.4951,10.9788733
2020-02-15 03:00:00,77.79594,13.9543877,117.840782,813.417358,14090.0625,10.9835978
2020-02-15 07:00:00,78.56037,14.0691643,117.764038,819.177551,14184.2959,10.9857063
2020-02-15 11:00:00,78.4709549,13.8779459,116.231857,808.809448,14011.2461,10.97131
2020-02-15 15:00:00,82.5552444,14.8681087,117.106804,854.2595,15012.1416,10.9697466
2020-02-15 19:00:00,84.75558,15.3029547,117.162628,879.784851,15465.5068,10.9679747
2020-02-15 23:00:00,82.6471558,14.8157883,117.162735,858.6056,14939.3486,10.9781218
2020-02-16 03:00:00,80.55516,14.2382765,116.482605,833.250061,14384.5693,10.9742451
2020-02-16 07:00:00,82.1767044,14.6056747,116.770004,850.772339,14728.2344,10.9869242
2020-02-16 11:00:00,85.34984,15.4664087,117.625664,888.1489,15536.1709,10.9687614
2020-02-16 15:00:00,85.82439,15.4310274,116.716011,887.858337,15562.3877,10.9795942
2020-02-16 19:00:00,79.97066,14.28274,117.38163,834.625366,14443.5146,10.9645128
2020-02-16 23:00:00,80.0849152,14.2723141,117.475426,835.5346,14384.8232,10.9827347
2020-02-17 03:00:00,84.95549,15.2706327,117.133446,879.874,15312.8369,10.9834747
2020-02-17 07:00:00,86.7369461,15.6465092,117.219162,901.1367,15789.53,10.9832649
2020-02-17 11:00:00,83.15135,15.0403395,117.2575,863.288269,15113.4346,10.9348221
2020-02-17 15:00:00,78.73088,14.3222265,117.641312,816.231262,14434.38,11.0332155
2020-02-17 19:00:00,82.07018,15.0093241,117.937248,856.920959,15129.4941,10.9768085
2020-02-17 23:00:00,91.77873,16.9214573,118.585991,956.770752,17006.33,11.0274239
2020-02-18 03:00:00,91.7987061,16.8161068,117.610504,953.520935,16907.2773,10.9782372
2020-02-18 07:00:00,86.05306,15.5797462,117.248322,894.732056,15694.7217,10.9661274
2020-02-18 11:00:00,84.94514,15.3287258,116.862244,880.894043,15460.6016,10.9425755
2020-02-18 15:00:00,89.98595,16.3320675,116.832939,926.1959,16460.5488,11.0207462
2020-02-18 19:00:00,93.03808,17.0699787,117.940346,964.7234,17157.959,10.9998617
2020-02-18 23:00:00,88.4668961,16.1552811,117.788033,921.967834,16286.7578,10.9655533
2020-02-19 03:00:00,91.92643,16.7090912,118.218094,961.662048,16840.2559,10.9733076
2020-02-19 07:00:00,95.82375,17.41425,117.9651,998.942261,17538.2773,10.9739361
2020-02-19 11:00:00,91.6768,16.725441,117.181519,946.8961,16811.79,10.9813976
2020-02-19 15:00:00,91.54855,16.6856728,117.18541,944.364136,16799.81,11.0073862
2020-02-19 19:00:00,96.86135,17.0427933,117.485786,999.09906,17227.1152,10.9908495
2020-02-19 23:00:00,96.14633,17.0300713,118.8814,1006.09357,17262.0527,11.0165758
2020-02-20 03:00:00,101.664986,18.0262871,117.471153,1052.70752,18153.998,10.9635515
2020-02-20 07:00:00,104.07988,18.5507374,117.6304,1076.99707,18698.2852,10.9807014
2020-02-20 11:00:00,100.53743,17.7862682,117.4138,1039.55432,17947.4688,10.9663839
2020-02-20 15:00:00,96.76672,17.00592,117.711288,998.4416,17151.7832,11.0163031
2020-02-20 19:00:00,98.87214,17.5124836,118.312004,1027.03833,17706.0078,11.0003757
2020-02-20 23:00:00,103.805183,18.56324,118.473747,1076.40149,18747.6563,11.026823
2020-02-21 03:00:00,104.222725,18.54091,117.527473,1076.83154,18767.2852,10.9779081
2020-02-21 07:00:00,98.92458,17.3327122,117.028557,1019.782,17580.5938,10.98753
2020-02-21 11:00:00,97.20864,17.0181427,117.198547,999.7925,17209.2441,11.0172329
2020-02-21 15:00:00,100.505394,17.8589668,118.034561,1042.28333,18075.709,11.0271034
2020-02-21 19:00:00,96.9578857,17.6052933,117.5074,1002.0108,17717.87,10.9904652
2020-02-21 23:00:00,93.23447,16.8567829,117.193085,962.880554,17040.2773,11.0224991
2020-02-22 03:00:00,89.36016,16.0947762,117.157867,926.6031,16226.499,10.9749813
2020-02-22 07:00:00,90.87155,16.4775047,117.632523,944.9065,16617.5762,10.9835615
2020-02-22 11:00:00,95.32409,17.39022,117.316956,985.909851,17515.3984,10.9718676
2020-02-22 15:00:00,95.76119,17.4151649,116.976471,989.902,17523.1543,10.9548359
2020-02-22 19:00:00,90.61977,16.37347,117.357323,938.1839,16496.9141,10.977169
2020-02-22 23:00:00,89.22673,16.2015152,118.1104,931.2124,16328.5146,10.9815083
2020-02-23 03:00:00,93.51538,17.0556221,117.63942,972.5984,17202.8,10.9853621
2020-02-23 07:00:00,95.94704,17.5675411,117.714531,997.1756,17689.252,10.9875813
2020-02-23 11:00:00,93.14409,16.9306526,117.137817,962.049,17038.2012,10.9655457
2020-02-23 15:00:00,88.66079,15.9586878,116.84481,916.6234,16086.9092,10.9682951
2020-02-23 19:00:00,89.8675156,16.2881355,117.44471,934.259338,16399.7988,10.963892
2020-02-23 23:00:00,95.4416351,17.4725628,118.037941,995.7025,17591.7988,10.99075
2020-02-24 03:00:00,96.73501,17.662508,117.63961,1004.46509,17775.3555,10.9851408
2020-02-24 07:00:00,91.03669,16.5209732,117.882988,946.5926,16616.2461,10.9823236
2020-02-24 11:00:00,91.11252,16.45025,117.403214,944.306641,16594.9336,10.9827709
2020-02-24 15:00:00,102.811989,18.6469078,117.488243,1064.507,18826.5371,10.98025
2020-02-24 19:00:00,105.76947,19.26506,117.803917,1093.87488,19387.2168,10.985445
2020-02-24 23:00:00,103.071709,18.7544956,118.239723,1071.42236,18969.24,11.0050955
2020-02-25 03:00:00,99.04062,17.8834686,117.823349,1029.37036,18026.7129,10.9764442
2020-02-25 07:00:00,100.748329,18.1233788,117.167213,1039.66077,18261.9238,10.9843178
2020-02-25 11:00:00,108.481529,19.6001873,117.648331,1124.559,19753.832,10.939435
2020-02-25 15:00:00,115.58625,20.4870338,117.189972,1187.24658,20725.334,10.9831028
2020-02-25 19:00:00,109.990059,19.4532,118.105766,1137.68628,19658.27,10.9940062
2020-02-25 23:00:00,109.008118,19.3307686,118.770607,1136.38733,19524.3652,10.978981
2020-02-26 03:00:00,114.089844,20.19275,117.629547,1178.47534,20406.6289,10.985631
2020-02-26 07:00:00,117.554367,20.8547783,117.348022,1210.40247,21000.0137,10.9669819
2020-02-26 11:00:00,114.346916,20.1432018,116.790123,1174.68884,20404.01,10.9484663
2020-02-26 15:00:00,108.134026,18.954073,117.06414,1112.01575,19186.64,10.9717607
2020-02-26 19:00:00,108.882256,19.2406139,117.970253,1124.71008,19509.2,11.0014553
2020-02-26 23:00:00,113.800392,20.3317127,118.349426,1179.08667,20499.3047,11.018218
2020-02-27 03:00:00,113.36898,20.4199944,118.992218,1184.224,20697.4941,11.0121374
2020-02-27 07:00:00,108.424507,19.3411179,118.85704,1129.87183,19542.2285,11.0037737
2020-02-27 11:00:00,106.438454,18.8585358,118.186111,1106.26843,19128.65,10.9675789
2020-02-27 15:00:00,110.37738,19.6278019,117.890373,1141.08142,19846.9219,10.9773979
2020-02-27 19:00:00,114.136932,20.3539677,117.850723,1179.65784,20588.2148,10.9783
2020-02-27 23:00:00,112.9628,20.0704212,117.887024,1168.123,20331.42,10.9927721
2020-02-28 03:00:00,107.79039,19.0421314,117.889206,1118.74841,19255.9531,10.9761877
2020-02-28 07:00:00,108.803307,19.2326488,117.84758,1130.32068,19510.248,10.9729395
2020-02-28 11:00:00,113.377914,20.3084641,118.388046,1177.95593,20527.82,10.9676657
2020-02-28 15:00:00,113.254021,20.3243065,118.477539,1174.12927,20541.56,10.9937134
2020-02-28 19:00:00,108.115211,19.2335033,118.569725,1124.9115,19488.72,10.9992952
2020-02-28 23:00:00,106.81295,18.9522266,118.635956,1112.82141,19233.3516,11.0160933
2020-02-29 03:00:00,110.243942,19.67398,118.300331,1151.674,19935.6426,10.9756889
2020-02-29 07:00:00,114.851112,20.4477959,117.414856,1184.3147,20643.57,10.9701385
2020-02-29 11:00:00,113.138321,19.8561363,116.28743,1185.10547,20177.2324,10.8170376
2020-02-29 15:00:00,107.976555,19.0005016,117.296974,1137.27087,19395.498,10.8807287
2020-02-29 19:00:00,107.764275,19.1198215,118.268974,1119.944,19394.75,10.9697
2020-02-29 23:00:00,114.076324,20.2274761,117.304291,1178.38611,20522.6953,10.9908495
2020-03-01 03:00:00,114.519867,20.513155,118.072281,1189.72388,20706.0938,10.9843369
2020-03-01 07:00:00,109.850563,19.49246,117.954941,1139.42993,19760.66,10.9881277
2020-03-01 11:00:00,108.036369,18.9943886,117.234261,1113.87585,19261.56,10.9801235
2020-03-01 15:00:00,110.7634,19.666769,117.617874,1143.06238,19890.3438,10.997076
2020-03-01 19:00:00,114.896683,20.484169,117.550743,1182.89038,20666.8887,10.992713
2020-03-01 23:00:00,114.162964,20.2457676,117.541939,1180.35266,20493.3516,10.974391
2020-03-02 03:00:00,109.091255,19.3004074,118.153786,1132.56775,19516.375,10.983305
2020-03-02 07:00:00,110.078,19.4328365,117.745506,1134.28833,19618.959,11.0089092
2020-03-02 11:00:00,112.533508,19.98873,117.323822,1154.54541,20141.3574,10.988863
2020-03-02 15:00:00,105.346321,18.7960129,117.512451,1087.8269,18940.3945,10.9681845
2020-03-02 19:00:00,99.41292,17.70819,118.557281,1032.18567,17904.3633,11.0340939
2020-03-02 23:00:00,98.0475,17.4254,118.605331,1023.95111,17605.3633,10.9836016
2020-03-03 03:00:00,101.336815,18.10721,118.310753,1054.47559,18258.0156,10.9755192
2020-03-03 07:00:00,105.368851,18.8120136,117.629562,1089.64392,18966.78,10.9906435
2020-03-03 11:00:00,102.266434,18.3539486,118.455276,1065.49963,18616.6328,10.98732
2020-03-03 15:00:00,97.51147,17.2280636,117.680458,1011.4754,17460.166,10.9718714
2020-03-03 19:00:00,98.73772,17.4611073,117.749718,1019.71582,17690.0117,11.0052576
2020-03-03 23:00:00,103.721191,18.5469856,118.154282,1072.24963,18719.7441,11.03523
2020-03-04 03:00:00,105.679489,18.8330936,117.349243,1090.08411,19032.7715,10.9817028
2020-03-04 07:00:00,100.333511,17.6954117,117.339584,1035.85413,17946.94,11.001214
2020-03-04 11:00:00,100.318321,17.6700363,117.341881,1034.63708,17905.9375,10.990406
2020-03-04 15:00:00,104.484367,18.46348,117.259819,1071.86841,18707.9863,11.0299873
2020-03-04 19:00:00,105.72477,18.8718147,117.672165,1091.8219,19055.834,10.9864693
2020-03-04 23:00:00,104.229828,18.6486,118.233368,1085.20581,18847.1328,10.9680262
2020-03-05 03:00:00,99.36506,17.4606857,117.164345,1025.91626,17674.47,10.9717569
2020-03-05 07:00:00,100.050888,17.6126289,117.147446,1029.40625,17758.6875,10.9888277
2020-03-05 11:00:00,105.315056,18.76192,117.6047,1087.31763,18930.2051,10.9768085
2020-03-05 15:00:00,106.685928,19.0441341,117.795921,1103.97107,19252.1484,10.9687023
2020-03-05 19:00:00,102.816368,18.1543789,117.731476,1056.65356,18329.0957,11.0480757
2020-03-05 23:00:00,100.290932,17.6253681,117.728745,1034.99536,17858.45,11.0451241
2020-03-06 03:00:00,103.76458,18.3274746,117.285789,1069.171,18504.2031,10.9876289
2020-03-06 07:00:00,107.142128,19.117115,117.760078,1114.66138,19373.2949,10.9704628
2020-03-06 11:00:00,105.550194,18.74097,117.326546,1087.56226,18897.1465,10.974803
2020-03-06 15:00:00,99.80447,17.5859127,117.633614,1032.8446,17756.584,10.9924278
2020-03-06 19:00:00,100.360107,17.8086071,118.252037,1036.87842,17962.2637,11.0232067
2020-03-06 23:00:00,104.53968,18.8017559,118.914017,1086.61707,19002.6211,11.02642
2020-03-07 03:00:00,105.242088,18.8751678,118.282921,1094.892,19028.6074,10.97834
2020-03-07 07:00:00,99.32487,17.6434364,118.227364,1035.96643,17922.4238,10.9695492
2020-03-07 11:00:00,97.8318939,17.2155819,117.333839,1007.18262,17364.252,10.98012
2020-03-07 15:00:00,100.958023,17.9205971,117.645836,1045.01953,18036.3555,10.97345
2020-03-07 19:00:00,104.706154,18.7605648,117.948524,1086.91479,18902.1934,10.965292
2020-03-07 23:00:00,104.527946,18.6190262,117.718262,1081.38342,18750.9355,10.9804525
2020-03-08 03:00:00,98.3364944,17.38673,117.936317,1022.87067,17625.3672,10.9739285
2020-03-08 07:00:00,99.4457245,17.5877571,117.818535,1033.44739,17731.0742,10.9819794
2020-03-08 11:00:00,104.79232,18.5931816,117.069878,1083.51685,18792.3926,10.9713964
2020-03-08 15:00:00,105.725868,18.8485565,117.280205,1091.31262,19024.81,10.9719152
2020-03-08 19:00:00,101.105324,17.9436321,117.764359,1048.21619,18102.3,10.9712582
2020-03-08 23:00:00,99.55585,17.64538,118.342613,1037.52,17871.7441,11.0050125
2020-03-09 03:00:00,101.938263,18.1799278,118.182877,1057.89368,18325.9844,11.0020924
2020-03-09 07:00:00,106.478348,18.9673176,117.357254,1101.65771,19161.2148,10.9893417
2020-03-09 11:00:00,107.015213,19.0640869,117.368256,1101.747,19197.0977,10.9645052
2020-03-09 15:00:00,103.527206,18.2927952,117.409126,1067.859,18482.8418,10.9758158
2020-03-09 19:00:00,103.22258,18.3658962,118.274796,1070.29456,18546.002,11.0159311
2020-03-09 23:00:00,108.700134,19.5033779,118.220467,1129.91064,19679.69,10.9663563
2020-03-10 03:00:00,110.903938,19.8623,117.759491,1147.14661,20078.2715,10.9907579
2020-03-10 07:00:00,106.351135,18.95214,117.863205,1101.6908,19160.5762,10.9798117
2020-03-10 11:00:00,103.854233,18.2826385,116.865112,1069.24438,18474.2773,10.9850216
2020-03-10 15:00:00,105.971481,18.8010654,117.274048,1092.01758,18967.9512,10.9557381
2020-03-10 19:00:00,109.644806,19.6316757,117.79985,1133.549,19820.3027,10.992424
2020-03-10 23:00:00,109.262184,19.5985851,118.327629,1133.13745,19802.3516,11.0153341
2020-03-11 03:00:00,103.7362,18.3304424,117.376221,1072.29993,18547.8848,10.9781771
2020-03-11 07:00:00,104.225906,18.3720417,116.9719,1075.69653,18558.7715,10.9664431
2020-03-11 11:00:00,107.791855,19.2883968,117.743431,1115.22791,19490.373,10.9730682
2020-03-11 15:00:00,109.53212,19.5213947,117.105042,1127.18738,19717.1152,10.97872
2020-03-11 19:00:00,108.747185,18.9706345,116.868011,1116.17981,19227.625,10.9920187
2020-03-11 23:00:00,106.725571,18.6362457,117.599449,1104.06458,18875.2813,10.9711714
2020-03-12 03:00:00,109.4143,19.1967163,117.48941,1130.95215,19470.6875,10.9722433
2020-03-12 07:00:00,113.728737,20.1076374,117.483734,1172.61157,20283.209,10.9662495
2020-03-12 11:00:00,111.918068,19.7596836,117.476723,1157.20544,19977.1211,10.9374371
2020-03-12 15:00:00,106.28727,18.6541653,118.044472,1098.86462,18852.0371,10.9732656
2020-03-12 19:00:00,106.768867,18.6466255,117.406113,1100.68811,18905.334,10.963809
2020-03-12 23:00:00,111.959053,19.8210983,118.101616,1162.032,20066.76,10.9937811
2020-03-13 03:00:00,115.03656,20.22409,116.788414,1176.19226,20384.2813,10.9862089
2020-03-13 07:00:00,110.479767,19.27346,116.850662,1136.20886,19539.22,10.9732285
2020-03-13 11:00:00,107.512177,18.6804256,116.87114,1101.34558,18907.623,10.9732676
2020-03-13 15:00:00,108.886658,19.1707153,117.958382,1123.86133,19396.8711,11.0053482
2020-03-13 19:00:00,112.478081,19.97918,118.131783,1162.83765,20146.543,10.9753017
2020-03-13 23:00:00,111.511879,19.7933731,118.321175,1159.40942,20079.7617,10.97955
2020-03-14 03:00:00,106.909843,18.724575,117.7286,1106.39368,18947.0254,10.9747
2020-03-14 07:00:00,107.376465,18.8543854,118.047379,1112.88611,19083.18,10.9897652
2020-03-14 11:00:00,112.186592,19.7986279,117.527969,1156.54651,20019.4238,10.96157
2020-03-14 15:00:00,113.324478,20.0290184,117.584389,1170.05078,20213.9648,10.96621
2020-03-14 19:00:00,109.32341,19.2108154,117.715309,1127.94836,19440.81,10.9821453
2020-03-14 23:00:00,106.965012,18.6603565,117.448326,1104.88171,18877.3457,10.9858322
2020-03-15 03:00:00,109.069649,19.169117,117.55928,1126.57446,19343.2422,10.9755621
2020-03-15 07:00:00,113.184631,20.0411072,117.698746,1170.763,20300.05,10.985568
2020-03-15 11:00:00,112.816238,19.8826256,117.279182,1159.29724,20053.1,10.9802389
2020-03-15 15:00:00,106.302887,18.6634178,117.7636,1101.11536,18877.45,10.9697628
2020-03-15 19:00:00,106.648384,18.6720581,117.519562,1101.173,18866.6953,10.9923325
2020-03-15 23:00:00,112.477036,19.872797,117.704048,1163.31384,20109.7246,10.97775
2020-03-16 03:00:00,115.123924,20.2446976,116.826782,1182.72925,20484.373,10.9714556
2020-03-16 07:00:00,112.073616,19.4377155,116.130363,1151.989,19772.127,10.9779758
2020-03-16 11:00:00,108.269249,18.8802433,117.147934,1117.78308,19141.7578,10.9563513
2020-03-16 15:00:00,110.982124,19.4582939,117.435387,1138.74084,19709.2676,11.0204964
2020-03-16 19:00:00,115.178825,20.35013,117.5275,1186.65466,20581.4277,10.9978609
2020-03-16 23:00:00,114.8371,20.3291645,117.971535,1184.64124,20531.6816,11.0293665
2020-03-17 03:00:00,107.844872,19.0008755,118.486732,1126.422,19247.2129,10.981164
2020-03-17 07:00:00,108.792427,18.9782448,117.306984,1123.1377,19250.4844,10.9810772
2020-03-17 11:00:00,112.669907,19.8794365,117.467674,1163.56982,20132.373,10.9816589
2020-03-17 15:00:00,113.786255,20.1894245,117.797195,1176.03979,20381.92,10.9691849
2020-03-17 19:00:00,109.726486,19.384119,118.267174,1138.90625,19607.7988,10.99598
2020-03-17 23:00:00,107.419189,18.8368053,118.247925,1110.44617,19074.16,11.0347986
2020-03-18 03:00:00,110.707649,19.36276,117.179466,1143.58752,19563.498,10.9563274
2020-03-18 07:00:00,115.990639,20.2989826,116.442863,1185.152,20506.4336,10.988574
2020-03-18 11:00:00,114.772469,20.1929531,117.074074,1175.83691,20352.9961,10.9806976
2020-03-18 15:00:00,108.884048,18.9951382,117.341286,1119.31531,19203.4941,10.993104
2020-03-18 19:00:00,108.98204,18.9885311,117.196747,1123.83826,19175.8223,10.9583645
2020-03-18 23:00:00,114.436539,20.09952,117.38047,1170.96863,20294.8047,11.0433512
2020-03-19 03:00:00,115.361984,20.4350071,117.892159,1192.16663,20653.2988,10.9733505
2020-03-19 07:00:00,111.733612,19.6167336,117.56662,1152.5918,19780.5859,10.9768324
2020-03-19 11:00:00,107.196762,18.8140354,117.99659,1113.67444,19041.2852,10.9396248
2020-03-19 15:00:00,110.969322,19.29264,116.481888,1134.61487,19497.9648,10.9457884
2020-03-19 19:00:00,116.345558,20.3916931,116.707123,1190.21729,20622.5859,10.9803648
2020-03-19 23:00:00,113.937088,20.21556,118.358231,1184.66284,20496.543,10.9834747
2020-03-20 03:00:00,110.374382,19.1000767,116.506027,1130.2041,19324.8438,10.9657
2020-03-20 07:00:00,109.254417,19.0175552,117.320213,1128.07642,19246.96,10.9830875
2020-03-20 11:00:00,113.888962,19.9738121,117.043137,1168.48987,20198.62,10.9848986
2020-03-20 15:00:00,115.836838,20.3907967,117.165749,1184.10034,20600.3047,11.0097322
2020-03-20 19:00:00,111.188278,19.5755444,117.99247,1145.09229,19775.52,11.0208645
2020-03-20 23:00:00,107.067551,18.8052673,118.404892,1110.9397,19030.7969,11.00697
2020-03-21 03:00:00,110.300514,19.2912178,117.322571,1140.08167,19558.6016,10.9797993
2020-03-21 07:00:00,115.156609,20.3779888,117.858109,1187.84644,20550.0059,10.974577
2020-03-21 11:00:00,113.9757,20.07216,117.185928,1171.58154,20259.8652,10.9611664
2020-03-21 15:00:00,107.431511,18.7872581,117.219864,1115.22241,18988.76,10.8939342
2020-03-21 19:00:00,7.43784475,1.29302812,117.254845,76.5888443,1310.624,2.26516461
2020-03-21 23:00:00,0.09364297,0.0,117.897675,0.0,0.0,0.0
2020-03-22 03:00:00,0.09631459,0.0,117.102753,0.0,0.0,0.0
2020-03-22 07:00:00,0.0907166153,0.0,117.950943,0.0,0.0,0.0
2020-03-22 11:00:00,0.09192264,0.0,117.909996,0.0,0.0,0.0
2020-03-22 15:00:00,0.09221136,0.0,117.9672,0.0,0.0,0.0
2020-03-22 19:00:00,0.0970397,0.0,117.546242,0.0,0.0,0.0
2020-03-22 23:00:00,0.0952580646,0.0,116.58577,0.0,0.0,0.0
2020-03-23 03:00:00,0.0917556062,0.0,117.239891,0.0,0.0,0.0
2020-03-23 07:00:00,0.09763664,0.0,117.249504,0.0,0.0,0.0
2020-03-23 11:00:00,0.09078218,0.0,118.258247,0.0,0.0,0.0
2020-03-23 15:00:00,0.09441153,0.0,117.226624,0.0,0.0,0.0
2020-03-23 19:00:00,0.0889427662,0.0,118.099586,0.0,0.0,0.0
2020-03-23 23:00:00,0.0973704159,0.0,118.343254,0.0,0.0,0.0
2020-03-24 03:00:00,0.09587912,0.0,117.479851,0.0,0.0,0.0
2020-03-24 07:00:00,0.0946882,0.0,117.077858,0.0,0.0,0.0
2020-03-24 11:00:00,0.09360704,0.0,84.34903,0.0,0.0,0.0
2020-03-24 15:00:00,0.213062137,0.0,92.56771,0.0,0.0,8.635733
2020-03-24 19:00:00,0.200273931,0.0,118.858688,0.0,0.0,10.9897614
2020-03-24 23:00:00,0.20565775,0.0,118.5451,0.0,0.0,11.0453768
2020-03-25 03:00:00,0.196959943,0.0,117.509552,0.0,0.0,10.9864225
2020-03-25 07:00:00,0.196508929,0.0,117.833122,0.0,0.0,10.983696
2020-03-25 11:00:00,30.8162174,5.39184666,116.946968,313.849121,5432.86035,10.9605246
2020-03-25 15:00:00,113.36232,19.9951534,117.264824,1168.81213,20217.4863,10.946991
2020-03-25 19:00:00,108.611122,18.984745,117.4941,1116.461,19206.34,11.021225
2020-03-25 23:00:00,105.604042,18.6174374,119.085228,1096.88733,18831.8984,11.039546
2020-03-26 03:00:00,109.582443,19.3448925,118.143105,1139.62268,19525.6738,10.9469595
2020-03-26 07:00:00,112.525734,20.0231953,118.281677,1168.37476,20135.9668,10.973074
2020-03-26 11:00:00,111.886162,19.685358,117.342018,1154.58423,19885.3066,10.9589825
2020-03-26 15:00:00,107.452713,18.71668,117.63343,1104.06738,18969.0059,11.0206633
2020-03-26 19:00:00,108.3274,18.87041,117.449471,1112.05457,19082.8965,11.0027456
2020-03-26 23:00:00,112.833092,19.91974,118.169518,1164.58545,20214.0234,11.032361
2020-03-27 03:00:00,113.440971,20.197073,118.566467,1180.31531,20406.0332,10.96064
2020-03-27 07:00:00,109.080193,19.038805,117.212227,1125.89551,19226.65,10.9479561
2020-03-27 11:00:00,105.056145,18.2668877,117.084335,1079.27441,18460.8418,10.97258
2020-03-27 15:00:00,104.253876,18.425169,118.262756,1082.43933,18587.7148,10.9661312
2020-03-27 19:00:00,114.289169,20.1347637,117.5463,1172.17273,20326.7871,11.0080185
2020-03-27 23:00:00,112.360626,19.7472649,117.623619,1159.39648,19994.209,10.9781618
2020-03-28 03:00:00,106.746346,18.6345234,117.657112,1103.40271,18861.9258,10.9727736
2020-03-28 07:00:00,107.813072,18.8273182,117.547356,1116.182,19122.8164,10.9533443
2020-03-28 11:00:00,112.743828,19.85078,117.386368,1161.63928,20084.9746,10.954895
2020-03-28 15:00:00,114.286766,20.1226254,117.350136,1176.15625,20343.3945,10.9641094
2020-03-28 19:00:00,109.792526,19.2388439,117.711,1131.0946,19424.7188,10.9611464
2020-03-28 23:00:00,107.909912,18.7767868,117.518234,1113.90613,19031.6113,10.9731216
2020-03-29 03:00:00,111.574448,19.4817028,117.033936,1144.596,19676.75,10.9844484
2020-03-29 07:00:00,114.523506,20.2034626,117.639114,1179.4823,20390.09,11.0012264
2020-03-29 11:00:00,112.240425,19.7592087,117.523643,1158.85986,20037.4961,10.9554062
2020-03-29 15:00:00,106.68383,18.5494957,117.210587,1097.17358,18786.5352,10.9846935
2020-03-29 19:00:00,107.878044,18.72744,116.70829,1106.34619,18932.8867,10.9448423
2020-03-29 23:00:00,112.59375,19.88052,117.919861,1164.75378,20075.8945,10.9899549
2020-03-30 03:00:00,113.396988,20.099123,118.046181,1174.227,20330.5234,10.9744349
2020-03-30 07:00:00,108.721504,19.12835,118.061554,1130.57532,19340.96,10.9609718
2020-03-30 11:00:00,106.169167,18.6073666,117.9128,1101.26355,18839.86,10.9464493
2020-03-30 15:00:00,107.835281,19.2680588,119.400391,1135.563,19480.4043,10.9232855
2020-03-30 19:00:00,112.813416,20.0604362,118.402412,1172.80579,20288.623,10.9769869
2020-03-30 23:00:00,112.169441,19.89484,118.553871,1162.114,20096.5586,11.0373974
2020-03-31 03:00:00,106.859062,18.7703114,118.357147,1113.08179,18966.3,10.9691057
2020-03-31 07:00:00,107.317963,18.8106785,117.96463,1113.29749,19053.7383,10.9757843
2020-03-31 11:00:00,111.809853,19.8447819,118.205269,1162.19592,20062.24,10.9581318
2020-03-31 15:00:00,113.300171,20.0286217,117.656929,1166.85278,20239.9824,10.98692
2020-03-31 19:00:00,107.5118,18.9666176,118.562958,1113.86145,19238.916,11.0198517
2020-03-31 23:00:00,105.578461,18.49303,118.012428,1099.33875,18717.9688,10.9299
2020-04-01 03:00:00,108.011665,18.9446144,117.523125,1115.79785,19124.9746,10.9595165
2020-04-01 07:00:00,110.704147,19.5682869,117.861168,1147.91772,19782.82,10.9634647
2020-04-01 11:00:00,109.050957,19.2781639,118.052689,1130.699,19469.26,10.9719067
2020-04-01 15:00:00,104.348824,18.2458229,117.801331,1076.364,18434.1621,10.9640541
2020-04-01 19:00:00,104.67025,18.3411732,118.108566,1082.763,18526.46,10.967864
2020-04-01 23:00:00,110.412186,19.4569073,117.7826,1136.38586,19641.0469,11.0049133
2020-04-02 03:00:00,111.047661,19.6396732,117.879013,1147.22717,19824.8652,10.9718361
2020-04-02 07:00:00,106.207993,18.6294136,117.888054,1103.76672,18893.7656,10.9651537
2020-04-02 11:00:00,102.470009,17.6529274,116.26635,1044.87,17879.3027,10.9987574
2020-04-02 15:00:00,103.490959,17.970335,116.449715,1054.2627,18205.3789,10.999671
2020-04-02 19:00:00,107.342125,18.79965,116.567215,1098.20654,19056.4727,10.99647
2020-04-02 23:00:00,104.308556,18.582283,118.975677,1082.79614,18845.2012,11.0654869
2020-04-03 03:00:00,98.90461,17.3879986,118.213089,1030.92688,17627.87,10.9720926
2020-04-03 07:00:00,100.37767,17.5001,117.081696,1036.53174,17677.5488,10.96026
2020-04-03 11:00:00,104.878761,18.5537376,117.665405,1079.2887,18695.1621,10.9876957
2020-04-03 15:00:00,106.332581,18.7623844,117.089691,1089.56616,18925.084,10.9830914
2020-04-03 19:00:00,87.996315,15.5009489,117.428375,909.2635,15699.6377,10.9737263
2020-04-03 23:00:00,82.00866,14.477047,118.199974,855.147156,14672.8691,11.0068207
2020-04-04 03:00:00,84.1083145,14.9943218,118.132851,875.571167,15118.7334,11.0118132
2020-04-04 07:00:00,87.97979,15.89031,118.783012,916.41626,16000.8223,11.04243
2020-04-04 11:00:00,86.91349,15.6057911,118.318756,906.438049,15729.0,10.9964981
2020-04-04 15:00:00,80.81073,14.3665829,118.429031,840.299255,14466.3477,10.99331
2020-04-04 19:00:00,81.14923,14.3854752,118.244011,846.666565,14579.2324,10.9866438
2020-04-04 23:00:00,86.71644,15.6169605,118.677574,906.2913,15751.45,11.0060329
2020-04-05 03:00:00,87.77492,15.7848959,118.091545,919.12085,15937.5322,10.9637575
2020-04-05 07:00:00,82.5999146,14.7443819,118.596947,864.8535,14959.5957,11.0227356
2020-04-05 11:00:00,78.80123,14.0834837,118.908615,834.314636,14229.5625,10.9332275
2020-04-05 15:00:00,82.64051,14.74944,118.052567,859.4702,14814.3906,10.9792414
2020-04-05 19:00:00,86.48053,15.5256138,117.8256,903.6471,15681.0049,10.9644966
2020-04-05 23:00:00,85.95837,15.3852386,117.766136,895.8685,15455.2295,10.9552279
2020-04-06 03:00:00,76.9223,13.7003956,117.836166,805.50354,13825.3105,10.9762745
2020-04-06 07:00:00,77.93299,13.77087,116.967224,806.06604,13877.1641,10.9980888
2020-04-06 11:00:00,81.4788055,14.5850115,117.208855,847.1097,14764.13,10.9699965
2020-04-06 15:00:00,82.6436,14.93378,117.825478,859.3508,14972.085,10.9641132
2020-04-06 19:00:00,78.7391739,14.0959005,117.82695,820.1918,14193.2,10.9612055
2020-04-06 23:00:00,76.08089,13.6281042,118.799049,797.858765,13735.3174,11.0058117
2020-04-07 03:00:00,78.118,14.1238718,119.150856,826.084351,14269.8232,11.0130358
2020-04-07 07:00:00,83.4565659,15.0604839,117.642509,871.617859,15210.7852,10.957756
2020-04-07 11:00:00,81.54258,14.67732,117.277489,842.7636,14682.5283,10.9564857
2020-04-07 15:00:00,76.2100754,13.542098,117.58432,796.953857,13719.6094,10.9441938
2020-04-07 19:00:00,76.0297852,13.640378,118.65033,797.1826,13740.1465,10.98592
2020-04-07 23:00:00,77.0721359,14.0205688,118.489326,803.580139,14118.7939,11.0234718
2020-04-08 03:00:00,76.38022,13.9308357,117.839943,797.3049,13975.3955,10.9782724
2020-04-08 07:00:00,73.36905,13.10202,116.4805,758.499756,13266.8486,10.9953794
2020-04-08 11:00:00,69.94626,12.4699345,116.961372,727.962341,12613.043,10.94349
2020-04-08 15:00:00,66.1360245,11.9680443,117.8079,689.6837,12044.5234,10.9937887
2020-04-08 19:00:00,70.54203,12.9031,118.002975,733.745544,12944.3564,11.010191
2020-04-08 23:00:00,69.73921,12.7682648,118.476418,731.2093,12870.4658,11.0087109
2020-04-09 03:00:00,64.2046356,11.5413189,117.663437,670.426453,11609.5576,10.9811363
2020-04-09 07:00:00,63.7552948,11.5021868,118.002068,668.697266,11602.874,10.9987612
2020-04-09 11:00:00,67.9588852,12.33658,117.42807,715.9312,12516.0117,10.9692526
2020-04-09 15:00:00,69.24064,12.6493282,117.467468,723.6364,12718.1943,10.9643307
2020-04-09 19:00:00,64.37396,11.736166,118.533875,676.6715,11765.28,10.99674
2020-04-09 23:00:00,62.589962,11.2676821,118.057,658.532043,11377.8252,11.01829
2020-04-10 03:00:00,65.093956,11.78771,117.740822,683.942261,11860.3506,10.9785767
2020-04-10 07:00:00,69.70141,12.7593975,117.698593,727.1941,12774.0645,10.9797239
2020-04-10 11:00:00,68.6804352,12.549118,117.576424,714.1011,12542.0176,10.9625263
2020-04-10 15:00:00,63.9233551,11.5408735,117.936287,670.869568,11581.4375,10.9364042
2020-04-10 19:00:00,67.59431,12.1297951,117.859863,707.347,12307.5234,10.9914942
2020-04-10 23:00:00,72.8572845,13.2607889,118.082375,763.145,13315.7129,10.98393
2020-04-11 03:00:00,74.24612,13.5333233,117.453773,775.5919,13583.4795,10.9794121
2020-04-11 07:00:00,70.67307,12.7475958,117.255531,741.919739,12885.6045,10.9420929
2020-04-11 11:00:00,67.28202,12.1014376,117.920555,704.002258,12240.5088,10.9613714
2020-04-11 15:00:00,70.00094,12.6363792,117.553154,730.924438,12714.2471,10.9453688
2020-04-11 19:00:00,74.12185,13.5355978,117.835983,772.235657,13586.1924,10.9926014
2020-04-11 23:00:00,73.9286957,13.4632006,117.849655,772.0601,13535.624,11.0059061
2020-04-12 03:00:00,68.51356,12.2689772,117.390419,716.2549,12393.7754,10.984005
2020-04-12 07:00:00,68.69363,12.3619127,117.815079,718.067566,12438.5391,10.9624081
2020-04-12 11:00:00,72.5974045,13.2093992,117.629936,756.039734,13256.2881,10.9908094
2020-04-12 15:00:00,73.07979,13.3534155,117.972054,766.6207,13524.3828,11.0142422
2020-04-12 19:00:00,70.48697,12.6894913,116.894844,735.187,12762.2891,10.94315
2020-04-12 23:00:00,67.9596939,12.14443,117.301682,713.3374,12319.0127,10.9764767
2020-04-13 03:00:00,70.22758,12.7077494,117.759239,732.481,12739.5713,10.9867229
2020-04-13 07:00:00,74.70506,13.6109047,117.522606,779.4316,13714.3057,10.9954624
2020-04-13 11:00:00,73.87612,13.4781351,117.72467,771.667358,13595.3516,10.9613838
2020-04-13 15:00:00,67.67349,12.3200159,119.061295,710.732056,12327.9717,11.0265064
2020-04-13 19:00:00,66.1706848,12.0297318,119.244171,702.3349,12168.4268,11.0110617
2020-04-13 23:00:00,71.6602554,13.194231,119.481277,752.427368,13242.6563,11.0733709
2020-04-14 03:00:00,73.59062,13.5381718,118.555717,775.0064,13591.84,10.9806662
2020-04-14 07:00:00,70.01533,12.7649393,118.528885,738.183655,12896.835,10.9827385
2020-04-14 11:00:00,65.1655045,11.7237434,117.468391,682.922241,11829.5645,10.9724846
2020-04-14 15:00:00,84.49315,15.0449686,117.1422,874.415955,15144.7363,10.993104
2020-04-14 19:00:00,89.84064,16.1284618,117.112083,924.343,16192.9082,11.001895
2020-04-14 23:00:00,89.95322,16.153553,117.740883,931.1721,16288.7705,11.0370531
2020-04-15 03:00:00,82.9539948,14.842988,118.3541,869.1924,14983.9668,11.0056257
2020-04-15 07:00:00,83.44906,14.7746973,117.183411,867.0042,14961.998,10.9790163
2020-04-15 11:00:00,87.7259445,15.7591171,117.48394,910.1482,15904.7266,10.9583807
2020-04-15 15:00:00,89.65555,16.070425,117.1501,931.547546,16294.14,10.9590454
2020-04-15 19:00:00,86.4165,15.4295864,117.628822,889.912659,15614.9648,11.0804291
2020-04-15 23:00:00,82.79571,14.7186689,117.922211,857.3785,14894.9971,11.060565
2020-04-16 03:00:00,84.10839,15.0872936,117.876991,880.5401,15213.8662,10.9576807
2020-04-16 07:00:00,89.38679,16.1395435,117.6818,933.1128,16243.8643,10.9512358
2020-04-16 11:00:00,88.83995,15.9177885,117.14045,913.5131,16071.001,11.0311623
2020-04-16 15:00:00,82.12546,14.6868258,118.258865,857.4763,14884.875,11.0170946
2020-04-16 19:00:00,82.26097,14.8065586,118.9534,860.2039,14900.0283,11.0020571
2020-04-16 23:00:00,86.86042,15.7701626,118.975014,907.1559,15880.623,11.048645
2020-04-17 03:00:00,88.2247849,16.070118,118.658714,928.5049,16206.168,10.9716692
2020-04-17 07:00:00,85.3706055,15.4120378,118.524628,891.475037,15572.8525,11.0076036
2020-04-17 11:00:00,80.1189346,14.2063913,116.93895,826.740356,14314.67,10.9878387
2020-04-17 15:00:00,67.67801,12.1725855,117.269279,704.9302,12290.6592,10.97182
2020-04-17 19:00:00,72.75198,13.2542629,117.41082,758.0178,13328.3311,10.95014
2020-04-17 23:00:00,72.45673,13.2469683,118.090462,759.165833,13298.3848,11.0162878
2020-04-18 03:00:00,66.01672,12.0591516,119.332893,697.8752,12127.43,11.0114136
2020-04-18 07:00:00,65.2511,11.9294577,119.598251,691.9136,12007.3457,11.0205879
2020-04-18 11:00:00,70.17241,12.8532257,118.454369,739.1404,12920.4316,10.9753256
2020-04-18 15:00:00,71.94411,13.1875572,118.052185,751.183,13247.459,10.9796886
2020-04-18 19:00:00,68.95797,12.5801744,118.17244,721.7389,12554.23,10.941741
2020-04-18 23:00:00,65.88346,11.8379469,117.669,685.0284,11953.1777,11.0146379
2020-04-19 03:00:00,67.90097,12.2068491,116.828575,708.4605,12332.4238,10.9774342
2020-04-19 07:00:00,72.00688,13.1300144,117.357552,757.2151,13351.3184,10.9707632
2020-04-19 11:00:00,71.92588,13.1333447,117.535805,751.8016,13173.2705,10.9541273
2020-04-19 15:00:00,66.62768,12.0340643,117.608192,699.434631,12138.4736,10.9782763
2020-04-19 19:00:00,66.72156,12.0127535,117.442352,695.176331,12021.4971,10.9726391
2020-04-19 23:00:00,71.9800339,12.9875526,116.662521,749.699768,13117.7646,10.9902325
2020-04-20 03:00:00,73.61161,13.4305878,117.234009,775.1747,13510.8,10.9402494
2020-04-20 07:00:00,71.36311,12.9348869,117.128853,749.2164,13050.6875,10.928195
2020-04-20 11:00:00,67.57488,12.0272331,116.276657,701.205566,12190.0684,10.9661942
2020-04-20 15:00:00,70.59715,12.6061506,116.749306,729.6858,12735.39,11.029355
2020-04-20 19:00:00,74.14398,13.4868364,117.587067,772.3579,13609.7412,11.0303917
2020-04-20 23:00:00,74.7707062,13.651967,118.013115,781.333435,13709.1836,10.981801
2020-04-21 03:00:00,68.3782043,12.4517612,118.873634,720.4082,12470.0635,10.9833126
2020-04-21 07:00:00,67.37381,12.23728,118.565239,711.5952,12296.1553,10.9210386
2020-04-21 11:00:00,65.76908,12.1710987,116.673309,684.9162,12175.1094,10.9193726
2020-04-21 15:00:00,65.97618,12.3958817,117.219238,688.164551,12429.09,11.005578
2020-04-21 19:00:00,68.70897,12.1108532,118.84861,721.8842,12231.0576,10.9947376
2020-04-21 23:00:00,67.52633,11.7687817,118.5183,715.3989,11894.5273,10.9270315
2020-04-22 03:00:00,69.14165,12.0245972,117.700027,726.182739,12230.457,10.975503
2020-04-22 07:00:00,74.49534,13.0991774,117.252365,778.7195,13300.7285,10.9486561
2020-04-22 11:00:00,77.93402,13.6509142,117.052177,807.363647,13792.7012,10.9882421
2020-04-22 15:00:00,69.58778,11.9786024,117.031326,720.1205,12159.2979,11.03934
2020-04-22 19:00:00,67.1008,11.6457949,118.354691,707.1902,11826.42,10.9729557
2020-04-22 23:00:00,72.40441,12.707943,117.516533,756.9475,12790.3613,10.9412422
2020-04-23 03:00:00,74.57143,13.2309256,118.012161,778.6633,13338.2344,10.9892035
2020-04-23 07:00:00,72.95136,12.7322292,116.996208,754.7824,12809.3994,10.9937334
2020-04-23 11:00:00,69.34646,11.983716,117.193573,718.99115,12036.1143,10.9513779
2020-04-23 15:00:00,70.4726639,12.2119322,117.438324,728.2098,12337.083,10.9999361
2020-04-23 19:00:00,75.2343445,13.2804165,117.889526,776.4119,13293.2627,11.0424776
2020-04-23 23:00:00,74.78563,13.2979231,118.671234,780.409851,13387.1182,11.0254345
2020-04-24 03:00:00,69.54388,12.1430912,118.317787,729.229736,12253.5244,10.9819717
2020-04-24 07:00:00,68.58212,11.9205294,118.226479,720.7477,12039.501,10.9764013
2020-04-24 11:00:00,73.07569,12.7496681,116.912437,758.445068,12851.7734,10.93587
2020-04-24 15:00:00,74.52393,13.1637516,117.579247,775.4423,13249.2676,10.94277
2020-04-24 19:00:00,68.96152,12.0030012,117.34903,714.0481,12043.1621,10.928009
2020-04-24 23:00:00,62.05258,11.2106762,118.097527,650.4571,11244.3584,11.0086994
2020-04-25 03:00:00,62.9822731,11.49453,118.444992,668.3577,11568.36,10.9542942
2020-04-25 07:00:00,67.76195,12.5280867,118.48172,715.178833,12575.6016,10.937417
2020-04-25 11:00:00,67.8624,12.3582973,116.869705,710.1351,12491.1455,10.9690075
2020-04-25 15:00:00,62.56774,11.2687492,116.986862,656.1094,11404.6348,10.94377
2020-04-25 19:00:00,61.9512329,11.1614666,117.323677,644.0423,11154.0244,10.9580326
2020-04-25 23:00:00,66.03176,12.077035,117.888062,693.1163,12160.501,10.98063
2020-04-26 03:00:00,68.57734,12.7359142,119.114838,725.7555,12798.8359,10.9845629
2020-04-26 07:00:00,66.0787354,12.2109642,118.925117,700.325134,12245.3076,10.9667835
2020-04-26 11:00:00,60.77118,11.0836706,118.591743,644.0409,11139.2139,10.9553347
2020-04-26 15:00:00,62.24614,11.3732491,118.313408,661.3517,11449.2373,10.9099646
2020-04-26 19:00:00,67.1948853,12.401473,118.1148,713.4266,12446.2109,10.9170465
2020-04-26 23:00:00,69.114,12.7134571,117.863747,727.6387,12781.77,10.9841042
2020-04-27 03:00:00,63.22784,11.5553093,118.391815,670.179,11663.7783,10.9632149
2020-04-27 07:00:00,61.9846649,11.3045015,118.485176,659.9505,11343.0488,10.927392
2020-04-27 11:00:00,68.18457,12.4229078,117.500488,714.178955,12515.6328,10.9583654
2020-04-27 15:00:00,74.7582855,13.700736,117.994179,782.8684,13776.1426,10.9616365
2020-04-27 19:00:00,71.56503,13.1808681,119.176155,756.677063,13229.916,10.9731884
2020-04-27 23:00:00,67.86177,12.3127613,118.75737,720.9808,12432.6348,10.93627
2020-04-28 03:00:00,68.43324,12.5381546,119.374847,725.851868,12659.5674,10.9957552
2020-04-28 07:00:00,73.80885,13.6154633,118.809448,782.825256,13693.26,10.9403963
2020-04-28 11:00:00,75.62844,13.7326546,116.98349,786.312439,13877.4717,10.9861488
2020-04-28 15:00:00,69.36253,12.5341892,117.697395,725.0031,12624.416,10.989809
2020-04-28 19:00:00,68.757515,12.3830652,117.57901,721.2239,12463.68,10.9273291
2020-04-28 23:00:00,72.43062,13.2544537,118.725906,761.407166,13377.5723,11.0233612
2020-04-29 03:00:00,74.47942,13.7890186,119.02652,790.4787,13910.5156,10.9604616
2020-04-29 07:00:00,72.10461,13.3197136,119.262527,765.8827,13323.5938,10.9840679
2020-04-29 11:00:00,69.6649,12.5014238,117.296051,722.229431,12625.4043,10.9974794
2020-04-29 15:00:00,75.72527,13.62418,117.8268,789.1652,13769.6865,11.0119038
2020-04-29 19:00:00,80.60214,14.6889267,118.034172,838.807434,14783.6221,10.9930563
2020-04-29 23:00:00,82.02148,14.9818239,118.403389,853.1015,15008.7451,11.0267277
2020-04-30 03:00:00,75.84296,13.847373,119.625084,801.1575,14022.9023,11.0428925
2020-04-30 07:00:00,74.025116,13.4391212,119.080505,788.421448,13589.4707,10.9543457
2020-04-30 11:00:00,78.99367,14.194252,116.901947,816.562134,14269.915,10.9865208
2020-04-30 15:00:00,81.3911743,14.8499269,117.81794,854.2998,15002.8672,10.898077
2020-04-30 19:00:00,79.78933,14.4834318,117.782425,829.047852,14522.8008,10.9756374
2020-04-30 23:00:00,74.03906,13.4326258,119.384056,778.97406,13573.9766,11.0392532
2020-05-01 03:00:00,74.946,13.5765514,118.641724,791.7375,13754.5146,10.988349
2020-05-01 07:00:00,80.55,14.6428537,117.8038,838.5125,14700.5439,10.9804955
2020-05-01 11:00:00,81.11406,14.6046371,116.546684,839.142639,14693.2637,10.966938
2020-05-01 15:00:00,93.16538,16.46216,117.104095,957.918762,16593.6074,11.0123672
