Timestamp,RDCC_TR_B2_1002_I1.PV,RDCC_TR_B2_1002_MW.PV,RDCC_TR_B2_1002_V1.PV,RDCC_HVS_B2_2001B_I1.PV,RDCC_HVS_B2_2001B_MW.PV,RDCC_HVS_B2_2001B_V1.PV
2020-01-01 15:00:00,108.259727,19.4614372,117.126152,1118.13562,19638.23,11.0213232
2020-01-01 19:00:00,109.197334,19.5421352,116.738007,1129.036,19728.834,10.9833126
2020-01-01 23:00:00,109.073135,19.7586861,118.651794,1138.61572,19957.3926,11.062583
2020-01-02 03:00:00,107.7568,19.7949867,119.756004,1144.20471,19965.0254,10.9760847
2020-01-02 07:00:00,107.763977,19.6234818,118.7586,1132.39368,19806.9043,10.9972935
2020-01-02 11:00:00,107.467567,19.4368343,117.636246,1117.32275,19612.8555,10.9743357
2020-01-02 15:00:00,107.667664,19.4847069,117.697762,1120.92944,19651.1465,10.9584522
2020-01-02 19:00:00,107.337364,19.41577,117.666542,1119.38147,19574.7832,10.9550495
2020-01-02 23:00:00,108.114349,19.6420555,118.783371,1127.06079,19804.4277,11.0531311
2020-01-03 03:00:00,108.890343,19.771637,118.16069,1136.95691,19965.7441,10.9956837
2020-01-03 07:00:00,111.019844,20.0647659,117.404259,1143.79321,20241.9355,11.04717
2020-01-03 11:00:00,107.581963,19.4043846,117.187729,1107.523,19538.0078,11.0289555
2020-01-03 15:00:00,106.805664,19.3736668,117.929909,1108.19763,19555.6816,11.0291653
2020-01-03 19:00:00,107.516449,19.4957829,118.01577,1119.37708,19656.7637,10.9936028
2020-01-03 23:00:00,108.11776,19.5079136,117.7655,1118.97144,19677.8164,11.0496063
2020-01-04 03:00:00,105.609848,19.3191013,118.912582,1111.28638,19503.7266,10.9945126
2020-01-04 07:00:00,105.47583,19.2051449,118.323372,1104.15234,19385.0313,10.9970961
2020-01-04 11:00:00,102.873405,18.62002,117.113213,1066.029,18775.7559,10.9820747
2020-01-04 15:00:00,101.3375,18.51244,118.145592,1059.04749,18687.252,10.9945564
2020-01-04 19:00:00,101.73465,18.49527,117.732193,1057.26648,18647.6152,11.0159
2020-01-04 23:00:00,102.426743,18.60907,118.009491,1064.22363,18760.6816,11.0383863
2020-01-05 03:00:00,101.314377,18.6387978,119.226242,1066.25208,18773.6621,11.0304031
2020-01-05 07:00:00,101.891129,18.6466827,118.62162,1068.22437,18805.46,11.0031452
2020-01-05 11:00:00,98.6201859,17.9998455,117.505234,1023.05768,18125.7383,11.0118408
2020-01-05 15:00:00,98.2839355,17.9097729,117.005188,1017.64996,18034.0371,11.0131464
2020-01-05 19:00:00,98.2071457,17.93747,117.524765,1021.42059,18082.5586,11.0042524
2020-01-05 23:00:00,99.0542,18.12609,117.974411,1036.75757,18265.8672,10.9811363
2020-01-06 03:00:00,95.80017,17.5173149,117.313271,993.629456,17643.1582,11.0446177
2020-01-06 07:00:00,94.7345047,17.4076271,117.748436,991.0486,17545.7832,10.9819355
2020-01-06 11:00:00,93.95817,17.25593,117.346016,972.981,17386.9238,11.0225658
2020-01-06 15:00:00,95.15646,17.5532417,117.540611,987.2449,17683.3613,11.0318356
2020-01-06 19:00:00,95.0459747,17.5489922,117.9755,992.2599,17668.56,10.9926529
2020-01-06 23:00:00,95.0694351,17.5760479,118.495544,992.5951,17680.8242,11.04489
2020-01-07 03:00:00,93.994194,17.3198643,117.644821,979.722351,17429.2578,11.0320053
2020-01-07 07:00:00,93.82043,17.1932583,117.0942,969.3615,17295.957,11.0611944
2020-01-07 11:00:00,93.26866,17.0471458,116.453072,962.004456,17150.3672,10.9898167
2020-01-07 15:00:00,90.6926041,16.6555386,116.57653,935.585754,16765.4941,11.0217113
2020-01-07 19:00:00,90.27285,16.64663,117.323151,934.8233,16749.957,11.0365191
2020-01-07 23:00:00,90.99389,16.914566,118.446732,954.1956,17041.3184,11.0400763
2020-01-08 03:00:00,91.0155258,16.9351368,118.4381,955.1638,17056.6445,11.0500336
2020-01-08 07:00:00,91.67715,17.01677,118.272476,961.921,17155.6973,11.03216
2020-01-08 11:00:00,89.99353,16.6191826,117.103676,933.4264,16717.168,11.01296
2020-01-08 15:00:00,90.00759,16.7456474,118.061684,939.424,16818.5938,10.9952383
2020-01-08 19:00:00,90.40125,16.79849,117.673447,947.5953,16883.88,10.9271545
2020-01-08 23:00:00,94.22137,17.2859669,117.126656,979.033264,17374.6074,10.9776354
2020-01-09 03:00:00,92.17407,17.0723228,117.881287,965.6988,17173.7148,10.9960756
2020-01-09 07:00:00,91.9564362,17.0052986,117.70607,961.8505,17089.0273,10.9969769
2020-01-09 11:00:00,91.38136,16.9039078,117.432022,949.487061,16991.1035,11.00644
2020-01-09 15:00:00,91.85442,16.93894,117.097168,953.2361,17030.9473,10.9880362
2020-01-09 19:00:00,91.6979446,17.00443,118.156822,955.863,17100.0586,11.0222654
2020-01-09 23:00:00,91.76952,17.1154823,119.020683,964.1911,17205.8789,11.0456858
2020-01-10 03:00:00,90.89782,16.93813,118.507118,957.4455,17045.4434,10.9972858
2020-01-10 07:00:00,92.19671,16.9508362,117.038513,956.241333,17048.0352,11.0164537
2020-01-10 11:00:00,90.91722,16.8036823,117.350632,947.113342,16897.0645,10.9748974
2020-01-10 15:00:00,90.3402557,16.7319736,117.482056,941.282654,16825.8281,10.9892588
2020-01-10 19:00:00,90.74151,16.77321,117.552719,943.883667,16888.08,11.0241089
2020-01-10 23:00:00,91.6847,16.979929,117.991447,959.489746,17054.2773,11.0033588
2020-01-11 03:00:00,92.5566254,17.1512814,117.954033,969.783,17246.45,11.0006447
2020-01-11 07:00:00,93.08458,17.2515049,118.113487,976.1618,17362.3281,11.014432
2020-01-11 11:00:00,91.11417,16.6437244,117.490662,949.5403,16769.959,10.9937134
2020-01-11 15:00:00,93.82413,16.7859516,117.585541,972.671753,16986.07,11.0466871
2020-01-11 19:00:00,95.0630951,17.0108185,117.777267,988.7252,17222.16,11.0149183
2020-01-11 23:00:00,98.42177,17.5719967,118.055092,1022.38873,17776.709,11.0575581
2020-01-12 03:00:00,95.24806,17.15895,118.745178,999.6443,17371.293,11.042469
2020-01-12 07:00:00,94.98822,17.1378174,118.86203,997.359741,17265.457,11.02056
2020-01-12 11:00:00,92.92277,16.5368443,117.235168,963.1539,16715.332,11.0184755
2020-01-12 15:00:00,95.55976,16.91764,116.64299,984.1245,17068.9824,11.014657
2020-01-12 19:00:00,94.3494,16.84883,117.763687,983.7879,17029.2539,10.9953985
2020-01-12 23:00:00,94.61342,16.96557,118.569359,989.33374,17123.6953,11.0386877
2020-01-13 03:00:00,94.8687,17.060257,118.721573,994.074,17233.9531,11.038517
2020-01-13 07:00:00,95.30579,17.05302,118.226967,994.367432,17223.6563,11.03739
2020-01-13 11:00:00,93.78143,16.8308582,118.08432,979.926636,17000.4785,10.9806423
2020-01-13 15:00:00,92.25714,16.4290752,116.978,954.785461,16603.0469,10.9936028
2020-01-13 19:00:00,93.23871,16.5375538,116.739479,962.381348,16697.37,11.0011787
2020-01-13 23:00:00,95.2867355,16.9507217,117.227249,989.076233,17103.0234,11.001915
2020-01-14 03:00:00,96.30908,17.3200073,117.942772,1010.17493,17497.8887,10.9737778
2020-01-14 07:00:00,96.57821,17.30601,117.836563,1006.94379,17476.459,10.9953432
2020-01-14 11:00:00,92.7783051,16.5285225,117.092995,960.5083,16696.7656,11.0150967
2020-01-14 15:00:00,97.18297,17.2603474,117.075333,1000.1665,17438.5527,11.0508728
2020-01-14 19:00:00,90.70755,16.2112637,117.878983,946.2574,16354.5313,10.9772949
2020-01-14 23:00:00,81.63344,14.6869745,117.983437,856.1528,14825.1035,10.9985752
2020-01-15 03:00:00,84.65511,15.2105579,117.971252,887.7433,15347.4023,10.9789534
2020-01-15 07:00:00,84.6743851,15.2066307,118.017876,885.8889,15366.9678,11.02071
2020-01-15 11:00:00,83.0105743,14.9374495,117.66954,867.149536,15059.05,10.966958
2020-01-15 15:00:00,87.6353,15.7849064,117.944878,914.4454,15934.5859,10.9937057
2020-01-15 19:00:00,90.99732,16.4348526,118.894623,954.3424,16602.1855,11.0083714
2020-01-15 23:00:00,91.09416,16.4453564,118.835136,953.58136,16592.4277,11.0413027
2020-01-16 03:00:00,93.11983,16.7865353,118.699921,977.462341,16961.4961,11.017498
2020-01-16 07:00:00,93.7692947,16.6868382,117.191658,974.195251,16869.2832,11.0002213
2020-01-16 11:00:00,96.34667,17.0164356,117.451904,995.7773,17192.4258,11.039566
2020-01-16 15:00:00,98.40793,17.31848,117.841,1026.19958,17554.63,10.9790316
2020-01-16 19:00:00,97.14621,17.11611,118.083229,1008.99957,17310.7734,11.02577
2020-01-16 23:00:00,97.65858,17.2466927,118.390877,1020.85229,17426.9512,10.9966688
2020-01-17 03:00:00,98.11961,17.2858162,117.989113,1024.705,17506.1016,11.0119314
2020-01-17 07:00:00,98.52145,17.2660255,117.551155,1025.50916,17474.1973,10.97684
2020-01-17 11:00:00,94.84829,16.7332821,118.2501,990.051636,16954.9785,10.9963722
2020-01-17 15:00:00,94.89081,16.6108818,117.266167,983.7102,16819.584,10.9589348
2020-01-17 19:00:00,94.7681351,16.676918,118.32415,985.691162,16875.9453,11.0354195
2020-01-17 23:00:00,95.78776,16.9334888,119.066582,1003.43646,17129.1113,11.0352373
2020-01-18 03:00:00,95.93985,16.8236275,117.665825,998.2546,17023.084,10.9887171
2020-01-18 07:00:00,94.7908249,16.7345943,118.572594,993.068359,16966.459,11.0122757
2020-01-18 11:00:00,93.65224,16.5161381,118.294624,977.6436,16756.3125,11.012743
2020-01-18 15:00:00,95.24025,16.7426014,117.809685,988.0217,16931.1719,11.019824
2020-01-18 19:00:00,94.91069,16.714262,118.128792,987.4938,16923.66,11.00284
2020-01-18 23:00:00,95.7784042,16.8334637,118.024651,1001.05554,17059.9648,10.9743757
2020-01-19 03:00:00,95.28673,16.8005733,118.297256,998.576843,17008.04,10.9890413
2020-01-19 07:00:00,94.74873,16.7316532,118.515137,992.8857,16921.6133,11.0072594
2020-01-19 11:00:00,93.74826,16.5494843,118.383972,980.572632,16741.9043,10.9955692
2020-01-19 15:00:00,94.3549347,16.56959,117.621666,981.714844,16778.6777,10.9927683
2020-01-19 19:00:00,95.5336,16.68081,117.212105,985.8998,16859.793,11.025877
2020-01-19 23:00:00,95.8167953,16.8742847,118.2403,1005.35272,17110.5254,10.9848871
2020-01-20 03:00:00,95.8420639,16.9346733,118.596619,1004.71393,17139.8516,11.0193768
2020-01-20 07:00:00,96.18808,16.9388275,118.26535,1004.28815,17146.34,11.01069
2020-01-20 11:00:00,95.32625,16.6027374,116.750061,981.205566,16804.2578,11.0101
2020-01-20 15:00:00,94.76151,16.6084862,117.490143,983.5217,16865.69,11.0139141
2020-01-20 19:00:00,95.38223,16.73035,117.756271,987.2636,16907.1719,11.0326109
2020-01-20 23:00:00,96.8889,17.00488,118.221077,1009.13916,17251.6914,11.0536575
2020-01-21 03:00:00,95.90895,16.9036522,118.188667,1002.44525,17097.043,10.9988365
2020-01-21 07:00:00,95.46274,16.8013935,117.917877,997.864746,16995.873,10.97036
2020-01-21 11:00:00,94.37416,16.613163,117.770653,983.2081,16789.1875,10.9833641
2020-01-21 15:00:00,95.13232,16.6995182,117.304192,988.2433,16906.4023,10.95876
2020-01-21 19:00:00,97.25102,17.0762,117.702385,1011.191,17299.877,10.9954147
2020-01-21 23:00:00,98.1364746,17.3928757,118.951759,1028.53967,17577.582,11.0195589
2020-01-22 03:00:00,97.8896,17.3021584,118.34153,1027.047,17522.9785,10.9904413
2020-01-22 07:00:00,97.980484,17.24838,117.939255,1025.20557,17433.2051,10.9703484
2020-01-22 11:00:00,97.70423,17.1380863,117.586143,1013.28235,17366.93,11.0216007
2020-01-22 15:00:00,97.98532,17.1495132,117.1997,1013.28809,17359.9121,11.0072
2020-01-22 19:00:00,99.17597,17.3573074,117.524628,1028.3158,17553.1172,10.9969931
2020-01-22 23:00:00,101.390656,17.7798767,117.975639,1049.28223,17959.791,11.0640306
2020-01-23 03:00:00,99.13921,17.48121,117.930611,1032.67773,17669.7656,11.0065832
2020-01-23 07:00:00,87.95668,15.5210266,117.675293,919.5999,15684.4209,10.9684849
2020-01-23 11:00:00,86.01189,15.0818472,116.845146,885.909,15229.0986,11.0179491
2020-01-23 15:00:00,85.85865,15.0646925,116.943985,889.6652,15232.0361,10.9897175
2020-01-23 19:00:00,85.47508,14.99273,117.385658,888.100037,15150.1084,10.9962692
2020-01-23 23:00:00,87.36281,15.3630962,117.901428,916.4781,15545.6055,10.9651222
2020-01-24 03:00:00,86.2461548,15.24332,118.3691,905.641052,15428.957,11.0166512
2020-01-24 07:00:00,85.65688,15.1361485,118.426796,900.5498,15318.3145,11.0192194
2020-01-24 11:00:00,84.9222641,14.9064093,117.325073,884.2129,15099.9258,10.9847412
2020-01-24 15:00:00,85.47846,14.9433069,117.015793,881.7617,15092.7295,11.031682
2020-01-24 19:00:00,85.6059647,15.0472536,117.836037,888.436646,15217.2,11.0309258
2020-01-24 23:00:00,85.34946,15.0749006,118.506058,896.383545,15258.7275,11.0049925
2020-01-25 03:00:00,86.15608,15.1700411,117.839989,902.1769,15330.1738,10.9818048
2020-01-25 07:00:00,86.6346,15.3178415,118.265572,909.493652,15485.8486,11.0024052
2020-01-25 11:00:00,87.94791,15.5507088,117.720245,916.9442,15741.5752,11.0258455
2020-01-25 15:00:00,86.17923,15.1837053,117.658157,896.8871,15360.17,11.0022631
2020-01-25 19:00:00,85.51315,15.0473928,117.745163,895.1334,15244.4131,10.9662657
2020-01-25 23:00:00,87.2648544,15.2950668,117.736259,907.516968,15482.0625,11.0366182
2020-01-26 03:00:00,86.89144,15.2963724,117.887939,908.0622,15464.9551,11.02115
2020-01-26 07:00:00,87.28455,15.3204422,117.519707,907.9514,15459.459,11.0083752
2020-01-26 11:00:00,84.317276,14.8657885,117.662369,883.7065,15037.9492,10.9528265
2020-01-26 15:00:00,84.23735,14.8723364,117.734093,882.9757,15033.0117,10.958725
2020-01-26 19:00:00,84.28311,14.8503485,117.685974,881.7673,15023.9395,10.97997
2020-01-26 23:00:00,86.55693,15.1850777,117.660866,903.8413,15388.4307,11.017581
2020-01-27 03:00:00,85.02015,15.0280266,118.214066,892.1526,15205.7314,11.0019226
2020-01-27 07:00:00,84.98277,14.9901648,118.028587,890.76,15150.9688,11.0102148
2020-01-27 11:00:00,84.7351761,15.0058737,118.434349,886.811035,15193.2861,11.02346
2020-01-27 15:00:00,90.3796,15.8824854,117.708176,940.9561,16076.6162,10.9877472
2020-01-27 19:00:00,92.2467041,16.1863976,117.522079,962.6345,16350.9209,10.9447041
2020-01-27 23:00:00,92.54026,16.2048588,117.634506,961.1643,16398.08,11.0284252
2020-01-28 03:00:00,91.77712,16.1507149,118.02475,957.208069,16328.71,11.0245638
2020-01-28 07:00:00,91.89766,16.0673714,117.426781,955.533569,16280.3457,11.0173159
2020-01-28 11:00:00,90.64213,15.8195248,117.059563,937.572449,16004.2676,10.9892073
2020-01-28 15:00:00,90.1867752,15.6773,116.5261,931.0757,15876.8418,10.9731016
2020-01-28 19:00:00,89.89407,15.6606693,117.121078,928.740845,15858.1914,11.0297585
2020-01-28 23:00:00,89.44523,15.7606764,118.648735,937.4574,15962.2871,11.0376625
2020-01-29 03:00:00,90.3442459,15.8491812,117.832649,943.219055,16021.7021,10.9850569
2020-01-29 07:00:00,90.3684,15.8896208,118.037888,948.1405,16083.0908,10.9696045
2020-01-29 11:00:00,89.66666,15.6387568,116.896584,928.7308,15826.7744,10.9664793
2020-01-29 15:00:00,89.5569,15.5945,117.011116,923.277,15767.6289,11.01882
2020-01-29 19:00:00,89.10602,15.542243,117.52607,924.3798,15767.5752,11.0169735
2020-01-29 23:00:00,89.91091,15.7124357,118.20488,932.6747,15908.9912,11.0765953
2020-01-30 03:00:00,88.5777054,15.6157913,118.775368,929.2156,15806.2441,11.0241995
2020-01-30 07:00:00,88.88385,15.6151838,118.181961,932.499939,15840.8691,10.9797163
2020-01-30 11:00:00,84.49156,14.8987446,117.538467,879.336,15068.4443,10.9977922
2020-01-30 15:00:00,82.4946,14.7616739,117.471848,859.09906,14911.9248,10.9819918
2020-01-30 19:00:00,82.60647,14.8140354,117.952415,864.4708,14959.7773,10.97597
2020-01-30 23:00:00,83.10621,14.90658,118.247993,871.439453,15058.6689,11.0080786
2020-01-31 03:00:00,82.39149,14.8404512,118.524513,866.2705,15001.4531,11.0267
2020-01-31 07:00:00,82.27438,14.7858944,118.348076,862.372131,14932.9658,11.0287008
2020-01-31 11:00:00,79.4898453,14.3250484,118.565819,830.9742,14466.8916,11.0524549
2020-01-31 15:00:00,79.93256,14.3123188,117.679619,831.5065,14437.6328,11.0167894
2020-01-31 19:00:00,80.42326,14.3744268,117.745743,835.7878,14523.2314,11.0470352
2020-01-31 23:00:00,81.94353,14.7068605,118.354767,858.60144,14847.2793,11.0376463
2020-02-01 03:00:00,81.7332153,14.6902122,118.17054,858.6113,14841.3916,11.0060291
2020-02-01 07:00:00,81.62529,14.6545181,118.143005,856.647644,14804.6709,11.0130911
2020-02-01 11:00:00,80.0934143,14.3321915,117.382683,836.1373,14450.3389,10.9645166
2020-02-01 15:00:00,80.2552948,14.4197664,117.920647,840.738037,14561.7324,10.9850731
2020-02-01 19:00:00,81.03508,14.484828,117.525505,844.6266,14601.3965,10.9802666
2020-02-01 23:00:00,81.5236,14.6471157,118.194862,856.349854,14786.54,10.988863
2020-02-02 03:00:00,81.50643,14.6139669,117.799957,854.9213,14758.84,11.0023737
2020-02-02 07:00:00,81.64516,14.5368671,116.996353,851.6168,14684.4268,10.9913044
2020-02-02 11:00:00,80.1297455,14.3256292,117.244148,833.507568,14443.0508,11.0048819
2020-02-02 15:00:00,80.1867,14.3929768,117.449158,841.503357,14530.4092,10.9518929
2020-02-02 19:00:00,80.90285,14.49962,117.40435,848.2203,14639.97,10.9519835
2020-02-02 23:00:00,83.29261,14.980588,118.096367,876.602661,15123.5479,10.996479
2020-02-03 03:00:00,84.52519,15.17623,117.67321,885.287537,15320.0352,11.00159
2020-02-03 07:00:00,84.3447342,15.1051683,117.486839,880.9832,15235.9453,10.9899826
2020-02-03 11:00:00,83.40691,14.8116064,116.262505,860.954834,14954.2129,10.9997072
2020-02-03 15:00:00,83.0757751,14.78317,116.335678,860.064331,14934.0039,10.9482651
2020-02-03 19:00:00,76.5018158,13.6316433,116.820923,791.7835,13783.2188,11.0292358
2020-02-03 23:00:00,76.02409,13.710248,118.440094,799.196655,13845.0693,11.04239
2020-02-04 03:00:00,75.63803,13.6536722,118.169632,796.651733,13781.7314,10.9947147
2020-02-04 07:00:00,76.613884,13.6999836,117.221115,799.8901,13823.333,10.9971552
2020-02-04 11:00:00,74.6347046,13.3616152,116.95417,778.192932,13481.6523,10.9622936
2020-02-04 15:00:00,74.22057,13.3215818,117.371552,773.347656,13477.1611,11.0143929
2020-02-04 19:00:00,74.3244553,13.3588581,117.813622,773.7174,13475.23,11.0327454
2020-02-04 23:00:00,74.81181,13.60372,119.301392,792.3057,13745.8867,11.0301142
2020-02-05 03:00:00,75.84406,13.6321144,117.54921,794.7053,13744.8613,10.9957466
2020-02-05 07:00:00,77.09579,13.7490168,117.137077,801.104248,13870.3818,11.0301027
2020-02-05 11:00:00,76.11119,13.7305412,118.038666,798.5148,13890.0947,10.9935074
2020-02-05 15:00:00,83.32437,15.0931816,118.164574,876.2243,15230.9854,10.9379349
2020-02-05 19:00:00,81.99878,14.7261887,118.114845,857.2337,14870.1934,11.0093384
2020-02-05 23:00:00,83.4172058,14.7918539,117.111511,861.0009,14907.9561,11.05312
2020-02-06 03:00:00,82.9504,14.7826748,117.285912,863.9975,14925.417,11.00121
2020-02-06 07:00:00,81.9378052,14.6637173,117.826408,857.453247,14816.166,11.0083437
2020-02-06 11:00:00,80.27747,14.452507,118.351875,839.94104,14589.0723,11.0294256
2020-02-06 15:00:00,79.47941,14.32174,118.156647,830.141235,14446.7607,11.015132
2020-02-06 19:00:00,79.74038,14.3158026,117.953156,832.976746,14446.6455,10.9895039
2020-02-06 23:00:00,81.44272,14.5530519,117.551186,850.4458,14675.6592,10.9669342
2020-02-07 03:00:00,79.85209,14.2773829,117.254005,833.8068,14415.5811,10.9894762
2020-02-07 07:00:00,75.0903244,13.4309435,116.867241,783.974731,13552.7266,10.9674444
2020-02-07 11:00:00,73.2991943,13.1974907,117.35244,765.444,13305.21,10.9726305
2020-02-07 15:00:00,72.65659,13.1082649,118.201393,759.9571,13239.4756,11.0329466
2020-02-07 19:00:00,72.9729156,13.2094755,118.859749,767.77594,13316.9424,11.0058708
2020-02-07 23:00:00,73.77496,13.3446636,118.910255,780.270264,13483.9834,10.9935274
2020-02-08 03:00:00,73.48143,13.2092962,117.902481,770.424438,13322.5566,11.00381
2020-02-08 07:00:00,73.25651,13.1961708,118.2863,772.019836,13303.0684,10.9767294
2020-02-08 11:00:00,71.09439,12.8958206,118.82708,752.436035,13021.707,10.9800444
2020-02-08 15:00:00,72.04677,13.0712175,118.633759,760.3469,13163.1064,10.96331
2020-02-08 19:00:00,76.58368,13.8653431,119.012909,808.9591,13994.2754,11.0052738
2020-02-08 23:00:00,80.96549,14.3923645,117.317879,843.8843,14534.8262,10.993844
2020-02-09 03:00:00,79.78078,14.3327093,118.263741,838.2737,14454.8818,11.0175295
2020-02-09 07:00:00,80.19734,14.2771749,117.26413,837.682434,14427.3584,10.998085
2020-02-09 11:00:00,77.89211,13.9649162,117.632256,818.645264,14123.6953,10.9677134
2020-02-09 15:00:00,78.46706,14.0419006,117.361382,819.217834,14156.0264,10.9766817
2020-02-09 19:00:00,79.17182,14.1562271,117.567116,828.858,14305.4629,10.9962769
2020-02-09 23:00:00,80.90524,14.5643578,118.059509,852.9619,14698.5771,10.9989471
2020-02-10 03:00:00,80.53672,14.577508,118.21257,848.8705,14719.2578,10.9958773
2020-02-10 07:00:00,80.55697,14.5432835,117.912437,845.3287,14646.9014,10.9908848
2020-02-10 11:00:00,73.32546,13.2535248,117.261909,765.1059,13369.1221,10.9917707
2020-02-10 15:00:00,74.14296,13.4457607,117.591667,775.7343,13568.1172,10.9971714
2020-02-10 19:00:00,75.33588,13.7111893,118.038116,792.1288,13818.18,10.9902277
2020-02-10 23:00:00,77.10798,14.0524931,118.50779,812.337,14149.4424,11.0326662
2020-02-11 03:00:00,77.0924149,13.9950294,117.594742,810.730042,14102.6133,10.9830275
2020-02-11 07:00:00,77.463974,14.0686321,117.842491,813.0534,14163.583,10.9867306
2020-02-11 11:00:00,76.7311249,13.8623066,116.849663,797.953735,13970.3184,10.971199
2020-02-11 15:00:00,77.4535,13.9960041,116.800735,804.8835,14100.1943,10.978672
2020-02-11 19:00:00,77.137764,14.0210848,117.663582,807.7233,14126.9727,10.9827108
2020-02-11 23:00:00,78.1857452,14.2606373,118.501167,821.183,14339.9473,11.0381021
2020-02-12 03:00:00,78.72543,14.21227,117.140976,820.8636,14316.3848,10.9903069
2020-02-12 07:00:00,78.8989,14.1948223,116.742165,820.4651,14299.1523,10.9969616
2020-02-12 11:00:00,78.02894,14.0645714,116.750366,810.6624,14171.5342,10.9736671
2020-02-12 15:00:00,86.06441,15.1413136,116.591347,887.1649,15280.874,10.9936619
2020-02-12 19:00:00,94.77612,16.6552258,116.959023,977.164551,16811.4551,11.0092888
2020-02-12 23:00:00,95.70204,16.93754,117.95224,1001.40369,17142.6973,10.9899712
2020-02-13 03:00:00,95.90133,16.9702568,117.620605,1000.18518,17155.11,10.9895477
2020-02-13 07:00:00,96.2777939,17.0325851,117.807327,1003.68964,17231.0742,11.0058784
2020-02-13 11:00:00,101.514656,17.83636,117.078377,1050.06482,18059.543,10.9943781
2020-02-13 15:00:00,101.32206,17.9126911,117.598152,1052.2644,18111.3789,10.9619017
2020-02-13 19:00:00,98.47769,17.5088711,118.399345,1028.30286,17701.8672,10.9903116
2020-02-13 23:00:00,100.918007,17.9807243,118.6531,1056.29968,18151.4863,11.0159159
2020-02-14 03:00:00,89.7462845,16.28587,117.406067,936.579834,16358.5508,10.9912958
2020-02-14 07:00:00,92.21568,16.6271629,117.3302,960.8751,16758.6172,10.9952326
2020-02-14 11:00:00,92.0896,16.6664524,117.327255,958.2842,16890.7266,11.0055618
2020-02-14 15:00:00,91.8182755,16.7535248,118.1835,962.2447,16941.875,10.9832811
2020-02-14 19:00:00,94.17822,17.1195126,118.228073,985.5718,17255.9824,10.9838858
2020-02-14 23:00:00,103.186356,18.5877266,118.009575,1076.88049,18758.4238,11.0090122
2020-02-15 03:00:00,107.746483,19.3398018,117.856155,1122.56226,19523.0215,10.9991217
2020-02-15 07:00:00,108.883972,19.4792156,117.770782,1131.97644,19650.5137,10.9983149
2020-02-15 11:00:00,108.912674,19.2603359,116.229271,1115.28857,19430.584,10.9955292
2020-02-15 15:00:00,107.768105,19.2006245,117.11425,1113.5896,19413.88,10.985034
2020-02-15 19:00:00,108.36483,19.2957325,117.151794,1121.66455,19476.07,10.9969339
2020-02-15 23:00:00,108.97683,19.3599415,117.147453,1129.16833,19595.8789,11.0008469
2020-02-16 03:00:00,107.67112,19.0964355,116.477737,1111.777,19270.0313,10.9886971
2020-02-16 07:00:00,108.288887,19.2418137,116.757835,1117.448,19406.3281,10.9963875
2020-02-16 11:00:00,107.719315,19.3438911,117.614555,1119.90515,19491.13,10.9801512
2020-02-16 15:00:00,108.902359,19.3997383,116.713776,1121.771,19538.69,11.0097876
2020-02-16 19:00:00,107.94751,19.3017578,117.367729,1120.27332,19488.05,11.00307
2020-02-16 23:00:00,110.7668,19.79229,117.486328,1151.69983,20028.9922,10.98844
2020-02-17 03:00:00,113.363678,20.2855244,117.140793,1173.3927,20413.2559,10.9941645
2020-02-17 07:00:00,113.99826,20.33693,117.230209,1179.65784,20504.57,10.9868536
2020-02-17 11:00:00,113.419334,20.1738949,117.262939,1167.35193,20349.09,11.0123072
2020-02-17 15:00:00,114.039658,20.15798,117.63945,1176.021,20388.8242,11.0227556
2020-02-17 19:00:00,112.313095,19.9086533,117.923874,1161.42053,20131.6543,11.0253038
2020-02-17 23:00:00,107.825279,19.2353535,118.589874,1124.67834,19468.4355,11.0444517
2020-02-18 03:00:00,108.180908,19.1822262,117.601395,1122.08752,19395.9277,10.9893379
2020-02-18 07:00:00,107.924,19.0869026,117.245529,1122.61975,19341.6563,10.9762707
2020-02-18 11:00:00,106.655983,18.8178234,116.871407,1099.90125,19054.94,10.9974642
2020-02-18 15:00:00,108.962059,19.2058525,116.819641,1118.33264,19455.6973,11.0203428
2020-02-18 19:00:00,109.3801,19.4456062,117.938,1128.15271,19628.3574,11.0310163
2020-02-18 23:00:00,111.474785,19.7282677,117.799156,1153.54846,19957.623,11.0290022
2020-02-19 03:00:00,108.991814,19.39653,118.211151,1137.55115,19631.748,10.99886
2020-02-19 07:00:00,109.03009,19.3784046,117.936981,1135.35,19589.041,10.9844484
2020-02-19 11:00:00,108.514946,19.17642,117.178421,1115.77478,19361.3789,11.0272932
2020-02-19 15:00:00,109.880608,19.43832,117.18528,1130.10913,19629.8223,11.0039406
2020-02-19 19:00:00,97.80738,17.6628876,117.490463,1013.606,17828.5039,11.0048065
2020-02-19 23:00:00,95.9352951,17.5780888,118.884026,1004.81464,17706.0625,11.0465755
2020-02-20 03:00:00,96.5022,17.55041,117.465973,1004.98444,17652.543,10.9971828
2020-02-20 07:00:00,96.3158951,17.5274448,117.623337,1004.90674,17649.3262,10.9995728
2020-02-20 11:00:00,95.6374359,17.401268,117.408173,997.061951,17524.7227,10.9557619
2020-02-20 15:00:00,96.54527,17.5937653,117.708237,1006.27771,17734.2813,10.9781494
2020-02-20 19:00:00,96.54167,17.6608047,118.316216,1007.8573,17763.16,11.0108671
2020-02-20 23:00:00,98.44872,17.988802,118.46904,1027.86121,18131.9414,11.0426912
2020-02-21 03:00:00,98.22877,17.8564243,117.512909,1025.09619,17990.6523,10.9959326
2020-02-21 07:00:00,99.13003,17.9310436,117.021553,1030.61621,18046.4,10.9826326
2020-02-21 11:00:00,99.19809,18.0003071,117.205688,1025.95508,18109.1953,11.01973
2020-02-21 15:00:00,100.243004,18.3420143,118.0362,1047.73572,18478.53,10.9784622
2020-02-21 19:00:00,112.030281,19.9870281,117.50386,1165.24585,20177.6387,10.9375906
2020-02-21 23:00:00,115.8702,20.4775677,117.1907,1189.42456,20668.2813,11.0573015
2020-02-22 03:00:00,116.05616,20.5528412,117.152527,1201.11194,20744.19,10.9874115
2020-02-22 07:00:00,115.963348,20.61201,117.622108,1201.929,20793.3672,10.985754
2020-02-22 11:00:00,115.048553,20.4346676,117.32534,1189.86914,20640.666,10.9821415
2020-02-22 15:00:00,115.016731,20.354454,116.961639,1184.785,20591.18,10.97654
2020-02-22 19:00:00,116.68203,20.67451,117.355568,1202.83386,20911.5273,11.0065193
2020-02-22 23:00:00,117.094078,20.86874,118.1,1217.34229,21064.35,10.9939156
2020-02-23 03:00:00,117.105461,20.813221,117.6458,1212.00366,20993.9648,10.9888515
2020-02-23 07:00:00,116.686371,20.74334,117.722336,1210.01257,20963.5137,10.991292
2020-02-23 11:00:00,116.026978,20.5744839,117.126556,1194.3374,20719.9688,10.99443
2020-02-23 15:00:00,116.636635,20.622179,116.83609,1199.64453,20853.6582,10.9862442
2020-02-23 19:00:00,115.986382,20.583498,117.443359,1200.51343,20851.1621,10.9938126
2020-02-23 23:00:00,116.518021,20.7345753,118.016586,1211.66553,20942.49,10.9979267
2020-02-24 03:00:00,116.198746,20.6312084,117.637764,1205.16162,20832.2578,11.0011349
2020-02-24 07:00:00,115.604454,20.5651245,117.898079,1205.03638,20851.7285,10.98209
2020-02-24 11:00:00,113.114555,20.0978127,117.40731,1168.77478,20311.3574,11.0001822
2020-02-24 15:00:00,105.267662,18.7621727,117.484413,1090.03662,18925.67,10.9824619
2020-02-24 19:00:00,104.443993,18.6366539,117.802948,1082.19043,18788.1777,10.9929142
2020-02-24 23:00:00,105.558975,18.8645458,118.23172,1099.87964,19071.0566,11.0179844
2020-02-25 03:00:00,105.534248,18.8279629,117.792847,1099.674,19054.6426,10.99094
2020-02-25 07:00:00,106.495316,18.8942738,117.167137,1103.35815,19102.0059,10.9818649
2020-02-25 11:00:00,102.371422,18.4670887,117.648079,1064.55884,18617.9375,10.965601
2020-02-25 15:00:00,93.261116,17.0495434,117.193825,963.1265,17120.9824,11.0012932
2020-02-25 19:00:00,92.11183,16.9298611,118.107376,964.732056,17043.2422,10.9786682
2020-02-25 23:00:00,92.75037,17.0825157,118.7445,973.257263,17237.25,11.052475
2020-02-26 03:00:00,93.51012,17.1022854,117.635223,972.146667,17172.4551,11.008193
2020-02-26 07:00:00,93.04211,16.9443531,117.380768,969.653564,17049.416,10.9914742
2020-02-26 11:00:00,92.09517,16.7458153,116.807785,954.1194,16891.8984,10.9828892
2020-02-26 15:00:00,93.45566,16.9987221,117.060852,966.5346,17102.1934,11.0091381
2020-02-26 19:00:00,93.42219,17.0674973,117.978508,970.804443,17200.5234,11.0358076
2020-02-26 23:00:00,94.30097,17.2734146,118.353424,986.401855,17374.3926,11.0207739
2020-02-27 03:00:00,93.31706,17.2281666,118.996956,988.495056,17354.3457,10.9682636
2020-02-27 07:00:00,93.43707,17.21543,118.860046,985.253845,17338.0176,10.9862
2020-02-27 11:00:00,91.7008743,16.8254967,118.201942,958.1058,16982.34,10.9965582
2020-02-27 15:00:00,92.76195,16.9581528,117.897118,963.2373,17082.69,11.0293789
2020-02-27 19:00:00,93.6885147,17.1139374,117.859665,976.5891,17254.4141,11.0076828
2020-02-27 23:00:00,95.58222,17.4726734,117.881584,993.793457,17597.2988,11.05577
2020-02-28 03:00:00,92.74173,16.9625874,117.900055,971.0274,17075.7324,10.9950266
2020-02-28 07:00:00,92.50562,16.880743,117.824486,967.9646,17018.1523,10.9969692
2020-02-28 11:00:00,91.03539,16.7259655,118.38575,953.7137,16821.666,10.9845667
2020-02-28 15:00:00,90.82281,16.6853161,118.484116,950.2179,16835.23,11.0171261
2020-02-28 19:00:00,90.88683,16.6981239,118.562958,955.2588,16834.5273,10.9731331
2020-02-28 23:00:00,91.8543854,16.8526115,118.650749,962.0778,16971.4,11.0396919
2020-02-29 03:00:00,91.30591,16.7561531,118.30175,959.2351,16892.3379,10.9926729
2020-02-29 07:00:00,92.2336655,16.79272,117.406487,960.6176,16869.5547,10.9904413
2020-02-29 11:00:00,91.66759,16.6335335,116.109146,957.280151,16823.64,10.916069
2020-02-29 15:00:00,91.23407,16.6344414,117.313965,954.6803,16782.416,10.9412384
2020-02-29 19:00:00,90.54435,16.6077766,118.25721,948.96344,16756.31,10.9816751
2020-02-29 23:00:00,92.36475,16.7873878,117.323875,964.452942,16907.2461,10.9769392
2020-03-01 03:00:00,91.64659,16.78801,118.0995,962.4792,16898.4746,11.0049057
2020-03-01 07:00:00,91.83837,16.7992382,117.964386,962.7784,16917.8379,11.0049963
2020-03-01 11:00:00,90.8203659,16.5438747,117.233833,947.45575,16673.9668,10.9734344
2020-03-01 15:00:00,90.70046,16.5786686,117.617554,949.2569,16675.334,10.9682512
2020-03-01 19:00:00,90.9839,16.603117,117.557793,950.074036,16705.7578,10.9847288
2020-03-01 23:00:00,92.7170258,16.8464661,117.545547,964.3882,16988.998,11.0246544
2020-03-02 03:00:00,91.78876,16.7931442,118.155037,962.8618,16920.0488,11.0070066
2020-03-02 07:00:00,91.76308,16.731245,117.754272,960.489563,16889.67,10.9970722
2020-03-02 11:00:00,94.5589447,17.2052822,117.323738,979.8331,17334.11,11.0022078
2020-03-02 15:00:00,102.114624,18.550972,117.5071,1059.6416,18723.5859,10.9921942
2020-03-02 19:00:00,101.437958,18.55264,118.550995,1054.536,18687.7246,11.0616884
2020-03-02 23:00:00,102.581863,18.743557,118.596069,1073.22937,18874.207,11.00493
2020-03-03 03:00:00,102.812843,18.763586,118.307678,1076.58276,18922.9277,10.9896822
2020-03-03 07:00:00,103.183334,18.7185841,117.620171,1073.22791,18862.5313,11.0005579
2020-03-03 11:00:00,101.4636,18.56738,118.44471,1059.74658,18734.79,11.016078
2020-03-03 15:00:00,102.271957,18.59838,117.681015,1060.49036,18755.7754,10.9964552
2020-03-03 19:00:00,102.281425,18.6047783,117.74218,1059.092,18721.24,11.0355539
2020-03-03 23:00:00,103.656242,18.8535652,118.155853,1076.19434,18979.22,11.0433474
2020-03-04 03:00:00,102.923622,18.6371288,117.336456,1071.02539,18782.584,10.97127
2020-03-04 07:00:00,103.010292,18.6256523,117.344887,1068.443,18767.3945,11.0082245
2020-03-04 11:00:00,101.65094,18.4344025,117.357689,1053.78931,18567.4766,10.9757757
2020-03-04 15:00:00,101.394775,18.3822975,117.27095,1050.19568,18524.7344,10.9796219
2020-03-04 19:00:00,100.954506,18.3535976,117.668625,1046.93152,18490.02,11.0054827
2020-03-04 23:00:00,101.871124,18.57394,118.24086,1064.1488,18719.5273,11.0016928
2020-03-05 03:00:00,103.000862,18.6300449,117.160721,1069.358,18765.27,10.98789
2020-03-05 07:00:00,102.759262,18.5822849,117.139969,1063.85815,18705.8,11.004961
2020-03-05 11:00:00,100.454437,18.2832775,117.614204,1046.60486,18434.89,10.9599
2020-03-05 15:00:00,99.9887848,18.2338982,117.791618,1043.42554,18363.5449,10.9539061
2020-03-05 19:00:00,100.968819,18.388773,117.731148,1052.38525,18505.1016,10.9531307
2020-03-05 23:00:00,102.340065,18.5638065,117.7224,1061.027,18738.5742,11.04764
2020-03-06 03:00:00,103.425133,18.73343,117.286743,1070.9563,18845.5723,11.0128689
2020-03-06 07:00:00,102.733963,18.677784,117.743256,1070.20825,18791.06,10.9951735
2020-03-06 11:00:00,103.756813,18.8296051,117.327072,1075.6936,18970.4238,10.9830675
2020-03-06 15:00:00,106.155182,19.2595425,117.628853,1097.15491,19405.86,11.0199347
2020-03-06 19:00:00,103.3373,18.8728237,118.250153,1076.45752,19020.2539,11.0158129
2020-03-06 23:00:00,103.408241,18.9596119,118.942711,1083.05786,19095.5742,11.0381889
2020-03-07 03:00:00,104.5238,19.09637,118.285538,1093.71655,19229.1055,10.9977446
2020-03-07 07:00:00,104.446373,19.0481567,118.203033,1094.53516,19231.8359,10.9854374
2020-03-07 11:00:00,103.141068,18.7239265,117.311569,1069.08472,18891.8027,10.9935236
2020-03-07 15:00:00,105.610229,19.2582512,117.629883,1096.70459,19441.2773,10.99642
2020-03-07 19:00:00,104.321671,19.0623474,117.9566,1088.893,19208.4727,10.9826
2020-03-07 23:00:00,105.584984,19.18217,117.7287,1098.47119,19272.3516,10.9963169
2020-03-08 03:00:00,105.383209,19.1994171,117.937218,1098.94312,19308.4922,10.994873
2020-03-08 07:00:00,104.692741,19.0331573,117.817421,1094.046,19203.2617,10.99729
2020-03-08 11:00:00,103.169182,18.6681633,117.091782,1068.61853,18831.4688,10.9971828
2020-03-08 15:00:00,103.080635,18.677784,117.291748,1071.34326,18857.9434,10.987071
2020-03-08 19:00:00,102.874924,18.7118568,117.765022,1072.82507,18843.4121,10.9791746
2020-03-08 23:00:00,103.939926,18.9491787,118.332657,1087.40967,19104.8965,11.02054
2020-03-09 03:00:00,104.110817,18.9796867,118.149544,1089.218,19141.0254,11.0041065
2020-03-09 07:00:00,104.69828,18.9610481,117.383591,1086.91479,19101.332,11.0020685
2020-03-09 11:00:00,101.078621,18.3648872,117.374107,1052.22412,18497.16,10.9489613
2020-03-09 15:00:00,98.58101,17.8811417,117.401436,1023.649,18052.5176,10.9788065
2020-03-09 19:00:00,97.8251648,17.8570461,118.271423,1018.89581,17977.8926,11.0198326
2020-03-09 23:00:00,99.37546,18.0853443,118.20752,1038.42212,18213.6426,11.0049171
2020-03-10 03:00:00,101.50415,18.4959831,117.753342,1058.91516,18590.791,11.0063887
2020-03-10 07:00:00,100.734444,18.36864,117.857826,1051.83142,18498.6758,10.9918776
2020-03-10 11:00:00,98.5519,17.7973022,116.870506,1016.12933,17952.4063,11.0105
2020-03-10 15:00:00,98.27267,17.7876816,117.270477,1017.31329,17929.502,11.0019665
2020-03-10 19:00:00,97.30703,17.6748772,117.796143,1009.19238,17806.1152,11.0253983
2020-03-10 23:00:00,97.78605,17.8264141,118.335152,1021.65796,17946.1289,11.0268784
2020-03-11 03:00:00,98.6926651,17.8785286,117.3745,1025.57385,18015.207,11.0044184
2020-03-11 07:00:00,98.91731,17.8549767,116.977379,1026.801,17999.79,10.9963522
2020-03-11 11:00:00,96.95873,17.6569118,117.734093,1013.16418,17831.8535,10.9658251
2020-03-11 15:00:00,97.89985,17.7152863,117.099541,1015.89484,17856.877,10.9676027
2020-03-11 19:00:00,95.72158,17.4413166,116.872414,985.8437,17547.5586,11.0287638
2020-03-11 23:00:00,95.2928848,17.47261,117.6063,989.8516,17583.2813,11.0301065
2020-03-12 03:00:00,94.630394,17.3693733,117.495857,986.2911,17479.8223,10.9985638
2020-03-12 07:00:00,94.6815262,17.3886528,117.482185,988.097961,17474.3965,10.9707165
2020-03-12 11:00:00,93.97244,17.2800865,117.480537,976.312866,17393.7422,10.9958773
2020-03-12 15:00:00,93.2586746,17.23672,118.052216,976.1686,17333.46,10.9607916
2020-03-12 19:00:00,93.763916,17.22879,117.408653,976.197754,17334.6035,10.9661779
2020-03-12 23:00:00,94.75852,17.45862,118.113617,988.8259,17558.47,11.041152
2020-03-13 03:00:00,97.14711,17.7094288,116.778748,1006.83588,17800.3574,10.9950666
2020-03-13 07:00:00,96.3784,17.5922413,116.847641,1000.25568,17697.3828,10.9792614
2020-03-13 11:00:00,95.62209,17.4720287,116.87574,989.184143,17588.957,10.99003
2020-03-13 15:00:00,94.5518341,17.4312859,117.954254,986.6162,17532.7051,10.972394
2020-03-13 19:00:00,96.18845,17.7584419,118.135338,1002.87683,17851.8477,11.0031843
2020-03-13 23:00:00,98.34035,18.12935,118.317513,1029.96545,18249.1133,11.0007668
2020-03-14 03:00:00,97.91977,18.0067558,117.74453,1023.20734,18105.21,10.9835224
2020-03-14 07:00:00,97.6580048,17.98915,118.050743,1022.78723,18106.4746,10.9989042
2020-03-14 11:00:00,97.1586456,17.8461418,117.517723,1006.93372,17934.5547,11.01857
2020-03-14 15:00:00,97.15077,17.8399353,117.580238,1009.28729,17948.88,10.9880562
2020-03-14 19:00:00,97.29893,17.8762131,117.724068,1014.04047,17987.3145,10.9777069
2020-03-14 23:00:00,98.31152,18.0092716,117.449928,1024.18555,18121.9473,11.0028009
2020-03-15 03:00:00,97.20522,17.8486347,117.568527,1016.64728,17966.16,10.9810381
2020-03-15 07:00:00,96.61083,17.7504158,117.695572,1009.58368,17866.36,11.0051546
2020-03-15 11:00:00,94.89664,17.4087486,117.2852,987.99585,17514.0645,10.9751348
2020-03-15 15:00:00,94.50645,17.4285564,117.771919,986.7284,17559.4453,10.9967718
2020-03-15 19:00:00,94.44066,17.3682022,117.524254,983.5922,17477.37,11.0115318
2020-03-15 23:00:00,95.61777,17.5631371,117.699387,999.4184,17693.2559,11.0085649
2020-03-16 03:00:00,95.529686,17.4357948,116.79924,994.2524,17550.5313,10.9958735
2020-03-16 07:00:00,95.65171,17.3574562,116.129433,988.6633,17466.24,10.9965181
2020-03-16 11:00:00,93.70572,17.2053261,117.156616,973.9277,17316.1445,10.9880362
2020-03-16 15:00:00,93.90803,17.2793274,117.435982,974.609558,17393.1,11.0127583
2020-03-16 19:00:00,95.50034,17.57654,117.530312,995.9285,17688.3633,10.9897928
2020-03-16 23:00:00,96.23322,17.7154446,117.989021,1004.3255,17828.6563,11.0470819
2020-03-17 03:00:00,95.57507,17.7065086,118.510765,1006.47913,17817.4883,10.9827271
2020-03-17 07:00:00,95.28759,17.479372,117.301735,993.560364,17581.4824,10.9984608
2020-03-17 11:00:00,93.769104,17.2629642,117.472313,976.1647,17368.0469,11.0112114
2020-03-17 15:00:00,94.39661,17.4100246,117.800385,985.495544,17516.3086,10.998065
2020-03-17 19:00:00,94.1544647,17.42169,118.269218,984.2986,17515.9961,11.0205994
2020-03-17 23:00:00,94.96321,17.5187721,118.255684,995.293945,17624.3418,11.014677
2020-03-18 03:00:00,95.13536,17.4222679,117.181519,990.0228,17534.4355,10.9826832
2020-03-18 07:00:00,96.056694,17.4785271,116.421844,996.3455,17596.3125,10.9717245
2020-03-18 11:00:00,96.0211,17.6694736,117.070343,999.2213,17774.7168,10.9574747
2020-03-18 15:00:00,96.2576,17.7450142,117.343987,1002.05829,17796.5176,10.9328041
2020-03-18 19:00:00,97.60612,17.9131889,117.191269,1013.9585,18044.7422,11.0023222
2020-03-18 23:00:00,98.7344742,18.0892677,117.370964,1023.39435,18190.0742,11.030138
2020-03-19 03:00:00,97.2249146,17.9219818,117.892105,1021.13861,18027.2715,10.9695492
2020-03-19 07:00:00,96.2485046,17.6628036,117.558876,1001.61377,17753.28,11.0052853
2020-03-19 11:00:00,94.66197,17.50282,117.999733,992.359131,17599.5469,10.9605207
2020-03-19 15:00:00,97.12363,17.7098618,116.485291,1003.23218,17837.1445,10.9751663
2020-03-19 19:00:00,97.12065,17.7173424,116.713943,1001.139,17811.2285,11.025897
2020-03-19 23:00:00,96.69959,17.8397923,118.37532,1011.02368,17953.8125,11.04116
2020-03-20 03:00:00,97.53014,17.7438812,116.486633,1008.3335,17842.1621,10.989809
2020-03-20 07:00:00,96.21253,17.62717,117.3328,1000.7132,17729.3633,10.9995327
2020-03-20 11:00:00,95.7004242,17.5364037,117.039665,987.634766,17643.0957,11.03193
2020-03-20 15:00:00,95.04645,17.4610786,117.167809,984.105835,17540.8789,11.0052853
2020-03-20 19:00:00,95.2648239,17.59088,117.993858,995.230652,17703.72,11.0064726
2020-03-20 23:00:00,96.18455,17.7538242,118.405411,1005.5354,17895.0742,11.0535746
2020-03-21 03:00:00,98.01255,17.9561424,117.336014,1019.054,18051.1367,10.9992523
2020-03-21 07:00:00,99.29469,18.3168316,117.8194,1038.38757,18430.916,11.0025673
2020-03-21 11:00:00,96.81205,17.7793732,117.218338,1008.099,17886.0957,10.965292
2020-03-21 15:00:00,96.58065,17.7319469,117.21936,1004.69238,17837.4883,10.9757242
2020-03-21 19:00:00,201.375153,35.1769676,117.245331,2041.16077,35594.418,10.9866123
2020-03-21 23:00:00,213.679169,37.567234,117.823753,2173.467,37938.332,11.0102072
2020-03-22 03:00:00,217.189636,38.01835,117.062973,2195.38452,38390.7578,10.9941206
2020-03-22 07:00:00,210.991852,37.07679,117.893738,2150.14014,37489.293,10.9977369
2020-03-22 11:00:00,204.733719,35.95413,117.852165,2087.32886,36361.04,10.9887915
2020-03-22 15:00:00,206.568436,36.35117,117.908051,2106.37451,36787.5469,10.9861813
2020-03-22 19:00:00,212.383347,37.3584328,117.469788,2157.26123,37767.76,11.01029
2020-03-22 23:00:00,216.3189,37.68721,116.522659,2181.545,38114.2422,10.9865332
2020-03-23 03:00:00,209.23584,36.4872665,117.214081,2122.051,36902.5,11.0017719
2020-03-23 07:00:00,208.349136,36.3051224,117.205505,2108.95117,36765.1,11.0120659
2020-03-23 11:00:00,205.038956,36.1050568,118.195847,2097.71558,36529.12,10.9695921
2020-03-23 15:00:00,206.8309,36.1164322,117.180817,2093.27173,36498.56,10.979
2020-03-23 19:00:00,205.9482,36.2021065,118.060165,2095.09448,36614.9063,11.02005
2020-03-23 23:00:00,211.585526,37.3822441,118.288841,2163.407,37849.293,11.0114689
2020-03-24 03:00:00,213.602768,37.54109,117.43721,2170.31519,37917.8438,10.9879332
2020-03-24 07:00:00,209.53183,36.5532265,117.037766,2123.11133,36948.4453,10.9870787
2020-03-24 11:00:00,204.97905,35.9266853,117.573051,2082.1958,36318.543,10.9902678
2020-03-24 15:00:00,207.997833,36.7157173,118.105156,2119.515,37113.65,10.9982786
2020-03-24 19:00:00,212.519516,37.79249,118.81282,2176.82617,38109.3125,10.9805231
2020-03-24 23:00:00,213.075211,37.62515,118.501442,2170.36548,38008.28,11.038537
2020-03-25 03:00:00,208.383087,36.4209976,117.487732,2116.33838,36791.41,10.988966
2020-03-25 07:00:00,207.1249,36.32313,117.80545,2111.4585,36735.7539,10.9917
2020-03-25 11:00:00,180.399841,31.77318,116.903908,1827.22913,32064.6563,11.0040827
2020-03-25 15:00:00,94.39135,17.3283443,117.2586,980.5064,17446.1133,10.9935
2020-03-25 19:00:00,94.75204,17.3928928,117.476875,981.2488,17494.2441,11.0387859
2020-03-25 23:00:00,94.38525,17.50864,119.066048,993.4482,17633.541,11.0226173
2020-03-26 03:00:00,94.95845,17.509264,118.1564,995.5471,17631.6563,10.9990263
2020-03-26 07:00:00,94.10425,17.3871765,118.296379,988.676331,17527.9375,10.9959764
2020-03-26 11:00:00,93.24472,17.1378689,117.32412,969.643433,17241.7617,10.975009
2020-03-26 15:00:00,93.4399643,17.2031612,117.630852,974.323242,17300.9727,10.9621506
2020-03-26 19:00:00,93.55493,17.1753922,117.44442,970.9555,17265.709,10.9914112
2020-03-26 23:00:00,94.09773,17.34284,118.1579,985.2251,17448.56,11.000308
2020-03-27 03:00:00,94.0301056,17.4279022,118.549332,988.935242,17501.1133,10.99706
2020-03-27 07:00:00,95.04522,17.4103088,117.2045,987.6822,17507.9844,10.9828024
2020-03-27 11:00:00,96.37361,17.64277,117.092,998.4114,17748.668,10.9898605
2020-03-27 15:00:00,99.32904,18.3283844,118.253929,1042.02441,18444.03,10.9484186
2020-03-27 19:00:00,93.79689,17.2496471,117.538872,977.134338,17359.6816,10.9739132
2020-03-27 23:00:00,95.2043839,17.4563065,117.600441,989.230164,17561.8066,11.04317
2020-03-28 03:00:00,95.40564,17.529,117.649681,995.1285,17624.58,10.9885225
2020-03-28 07:00:00,95.1786,17.4792118,117.5332,993.012268,17569.18,10.9799538
2020-03-28 11:00:00,94.20978,17.3070469,117.360519,979.6303,17447.5547,10.9979982
2020-03-28 15:00:00,94.11741,17.2782135,117.322662,977.0149,17388.1348,10.995676
2020-03-28 19:00:00,95.15615,17.49247,117.709145,990.4933,17615.9336,10.993947
2020-03-28 23:00:00,95.7259,17.53582,117.5032,994.538635,17634.4941,10.9997978
2020-03-29 03:00:00,96.13849,17.57148,117.03727,999.9263,17705.0371,10.9876919
2020-03-29 07:00:00,95.02912,17.4604683,117.6442,990.5839,17574.3125,11.0115442
2020-03-29 11:00:00,94.1788559,17.3149548,117.5194,981.8256,17437.54,10.9852829
2020-03-29 15:00:00,96.26235,17.6724434,117.180077,1000.05859,17799.59,10.9777308
2020-03-29 19:00:00,97.67183,17.836565,116.70829,1011.88831,18004.4629,10.996356
2020-03-29 23:00:00,97.9137344,18.012888,117.9092,1024.082,18122.4043,10.9934559
2020-03-30 03:00:00,97.3140259,17.9487534,118.034409,1020.56744,18049.2578,10.9819956
2020-03-30 07:00:00,97.32057,17.95019,118.04686,1017.94775,18020.9375,11.0088854
2020-03-30 11:00:00,95.71225,17.65415,117.907761,996.34845,17771.4922,11.0119514
2020-03-30 15:00:00,94.14268,17.5970516,119.38662,997.295044,17708.3926,10.98086
2020-03-30 19:00:00,94.96373,17.5664577,118.396355,998.0474,17695.4824,10.9681244
2020-03-30 23:00:00,95.42458,17.6272926,118.53,997.8618,17749.7031,11.041441
2020-03-31 03:00:00,95.6014,17.6664772,118.330376,1004.93408,17782.63,10.9871664
2020-03-31 07:00:00,95.55039,17.6042366,117.961617,1001.13037,17709.541,10.9745817
2020-03-31 11:00:00,94.0166855,17.4153862,118.199539,989.645935,17514.2031,10.9368982
2020-03-31 15:00:00,95.19784,17.534008,117.64624,993.413635,17631.3027,10.9601059
2020-03-31 19:00:00,94.64398,17.5362988,118.557312,992.9274,17655.0313,10.9850655
2020-03-31 23:00:00,96.0235062,17.6592979,117.999352,1004.62189,17787.6055,10.9878664
2020-04-01 03:00:00,96.10391,17.6115265,117.486763,1002.47833,17721.7148,10.9844122
2020-04-01 07:00:00,96.18041,17.711113,117.851051,1006.72083,17833.39,10.9839258
2020-04-01 11:00:00,94.74559,17.5262165,118.049484,992.7965,17617.9277,10.9554806
2020-04-01 15:00:00,92.44171,17.0362778,117.795753,967.935852,17145.09,10.94559
2020-04-01 19:00:00,91.9846039,16.969986,118.095612,960.2968,17064.6289,11.0064163
2020-04-01 23:00:00,92.48547,17.0034218,117.773819,970.447632,17125.2832,10.9507933
2020-04-02 03:00:00,91.90792,16.9343548,117.860893,962.254761,17051.9668,10.9866676
2020-04-02 07:00:00,91.4339447,16.8379726,117.88575,959.6221,16940.2051,10.97
2020-04-02 11:00:00,94.59732,17.1732616,116.248993,975.648254,17282.0527,10.9607983
2020-04-02 15:00:00,95.7272,17.3810043,116.435349,988.3195,17496.002,10.9506588
2020-04-02 19:00:00,96.57168,17.5319939,116.553116,995.089661,17649.5879,10.9905367
2020-04-02 23:00:00,95.71437,17.7200623,118.953522,1013.19171,17817.6016,10.9422951
2020-04-03 03:00:00,96.77775,17.8067627,118.202324,1012.98596,17901.5664,11.0030346
2020-04-03 07:00:00,97.22529,17.714859,117.061867,1010.23248,17831.93,10.9901533
2020-04-03 11:00:00,95.55335,17.5340767,117.649086,997.623047,17629.6445,10.9480667
2020-04-03 15:00:00,96.9762344,17.6734219,117.079422,1005.55841,17798.8,10.9713726
2020-04-03 19:00:00,102.532913,18.7169,117.4144,1063.36475,18842.5781,11.0033665
2020-04-03 23:00:00,104.352638,19.1209011,118.1783,1088.61523,19267.502,11.0169754
2020-04-04 03:00:00,104.299843,19.1393738,118.107521,1089.40076,19290.375,11.0146694
2020-04-04 07:00:00,103.243614,19.0526619,118.763763,1082.6709,19211.1445,11.0482378
2020-04-04 11:00:00,103.385239,19.0220966,118.290695,1078.43567,19136.6113,11.0063334
2020-04-04 15:00:00,103.999146,19.1307163,118.427605,1086.14087,19292.8555,11.0149107
2020-04-04 19:00:00,104.008553,19.0997925,118.218636,1085.75244,19227.4375,10.978363
2020-04-04 23:00:00,104.045952,19.1352863,118.655434,1088.6958,19278.5469,11.0280609
2020-04-05 03:00:00,104.457115,19.1310329,118.08448,1091.42053,19268.0039,10.9991093
2020-04-05 07:00:00,103.888824,19.0955162,118.579384,1086.57678,19231.0,11.0384693
2020-04-05 11:00:00,102.27034,18.9114056,118.903259,1077.79688,19004.498,10.9509277
2020-04-05 15:00:00,102.62603,18.8328438,118.03569,1072.20068,18964.6016,10.9831543
2020-04-05 19:00:00,103.207108,18.8794575,117.816673,1076.964,19000.416,10.9802074
2020-04-05 23:00:00,105.764336,19.2704964,117.750618,1104.64282,19422.1289,10.9823513
2020-04-06 03:00:00,108.188286,19.6327915,117.815628,1129.60852,19813.0469,10.9819908
2020-04-06 07:00:00,108.228729,19.5080242,116.945595,1118.34558,19633.1074,10.9981995
2020-04-06 11:00:00,106.649361,19.2777939,117.192749,1104.15942,19433.6328,10.978344
2020-04-06 15:00:00,106.554947,19.3549175,117.776855,1105.857,19529.3848,10.9955492
2020-04-06 19:00:00,106.955894,19.4141121,117.803658,1111.20007,19584.7168,10.9884949
2020-04-06 23:00:00,107.399231,19.61906,118.8062,1126.071,19763.4063,10.9923134
2020-04-07 03:00:00,106.362343,19.5127068,119.12323,1119.81018,19685.3672,11.001709
2020-04-07 07:00:00,107.638176,19.51685,117.648575,1120.94092,19690.6484,10.9875536
2020-04-07 11:00:00,108.189346,19.5558758,117.254128,1118.478,19718.86,10.98279
2020-04-07 15:00:00,107.730415,19.51585,117.564041,1113.04,19683.543,11.0189772
2020-04-07 19:00:00,106.641838,19.46631,118.636909,1110.836,19608.2461,11.0234365
2020-04-07 23:00:00,112.528496,20.36869,118.461639,1171.79,20532.3242,11.0057049
2020-04-08 03:00:00,115.58992,20.7955227,117.833328,1202.73035,20989.166,10.9709854
2020-04-08 07:00:00,118.510506,21.0689964,116.512146,1214.36292,21270.084,11.0036116
2020-04-08 11:00:00,116.384766,20.7937679,116.93087,1196.81335,20982.1758,10.9817066
2020-04-08 15:00:00,119.900269,21.5061436,117.79084,1232.29236,21692.6,11.0504332
2020-04-08 19:00:00,118.566887,21.29465,117.982864,1223.4895,21490.2188,11.029624
2020-04-08 23:00:00,118.776451,21.3756313,118.458923,1232.20886,21610.8848,11.04745
2020-04-09 03:00:00,118.56073,21.2415371,117.628578,1226.43,21416.92,11.0053091
2020-04-09 07:00:00,116.648438,20.9735889,117.980125,1212.64954,21168.1738,10.9815483
2020-04-09 11:00:00,115.999443,20.7990513,117.40329,1201.93481,21012.7227,10.9363174
2020-04-09 15:00:00,117.771072,21.0914955,117.449448,1215.27075,21292.9023,10.9806738
2020-04-09 19:00:00,117.631134,21.2431145,118.505623,1220.4325,21498.7148,11.0463705
2020-04-09 23:00:00,118.912621,21.3407478,118.0295,1234.11938,21615.8555,11.0458364
2020-04-10 03:00:00,119.051834,21.3635788,117.7112,1234.21143,21535.8418,10.99424
2020-04-10 07:00:00,118.193008,21.19777,117.679741,1223.08386,21371.3,11.0005417
2020-04-10 11:00:00,117.523872,21.0782871,117.562248,1212.3407,21267.34,10.9973116
2020-04-10 15:00:00,116.266479,20.8875351,117.919876,1204.95154,21093.45,10.9772558
2020-04-10 19:00:00,111.811783,20.0987415,117.836586,1156.59253,20282.13,11.0071964
2020-04-10 23:00:00,112.524315,20.2166138,118.061928,1165.20557,20416.0352,11.0455866
2020-04-11 03:00:00,112.700485,20.1989441,117.4358,1166.83545,20360.1172,10.989892
2020-04-11 07:00:00,112.256622,20.0909214,117.222664,1160.11572,20272.7246,10.999588
2020-04-11 11:00:00,110.652794,19.954504,117.8804,1149.06,20139.5566,10.9728527
2020-04-11 15:00:00,112.7337,20.2729168,117.517937,1165.13367,20454.6465,10.9917831
2020-04-11 19:00:00,113.205261,20.4016933,117.8284,1175.96643,20600.2285,10.9750319
2020-04-11 23:00:00,115.870766,20.8205719,117.8196,1203.52014,21020.8945,10.9898882
2020-04-12 03:00:00,116.466949,20.8536835,117.367264,1205.01343,21057.4551,10.9979858
2020-04-12 07:00:00,116.385284,20.9644833,117.783218,1208.61572,21149.1777,10.9932976
2020-04-12 11:00:00,117.271835,21.1801243,117.617645,1216.65894,21373.8828,10.9713449
2020-04-12 15:00:00,115.100479,20.7972355,117.964928,1198.78992,20983.2344,10.9568415
2020-04-12 19:00:00,116.737717,20.8673744,116.872177,1202.95764,21067.46,10.9928989
2020-04-12 23:00:00,117.354294,21.0119762,117.304031,1212.53589,21209.8828,10.9948368
2020-04-13 03:00:00,115.782646,20.8391438,117.746086,1203.3374,21026.7539,10.9814529
2020-04-13 07:00:00,115.419235,20.7415352,117.518661,1198.6864,20941.4668,10.9801874
2020-04-13 11:00:00,114.6218,20.6555729,117.696587,1184.47,20837.3145,11.0097713
2020-04-13 15:00:00,113.762642,20.737545,119.043121,1193.73035,20953.793,10.9630566
2020-04-13 19:00:00,112.266579,20.4644623,119.225937,1179.08679,20657.84,10.9669266
2020-04-13 23:00:00,113.324944,20.6537971,119.464745,1195.75732,20845.084,10.9540405
2020-04-14 03:00:00,114.033928,20.6536255,118.549995,1190.84888,20845.5215,10.991498
2020-04-14 07:00:00,113.866264,20.6114559,118.509552,1188.59741,20785.123,10.9874744
2020-04-14 11:00:00,116.161987,20.8441315,117.453194,1196.1731,21035.9688,11.015769
2020-04-14 15:00:00,112.5235,20.14809,117.119354,1157.6571,20361.9023,11.00851
2020-04-14 19:00:00,109.391617,19.5484924,117.09362,1126.38171,19742.1563,11.0075407
2020-04-14 23:00:00,111.50811,19.97952,117.718666,1152.27527,20162.6367,11.0243893
2020-04-15 03:00:00,110.198586,19.8989353,118.354881,1150.55188,20072.6035,10.9793129
2020-04-15 07:00:00,110.933319,19.837141,117.139816,1147.33508,20018.9258,10.9805508
2020-04-15 11:00:00,109.3067,19.6385078,117.44696,1133.30139,19830.0586,10.9633379
2020-04-15 15:00:00,110.093048,19.718729,117.134216,1133.68274,19904.3926,10.98711
2020-04-15 19:00:00,110.320831,19.7954865,117.61097,1135.05225,19973.0684,11.0556393
2020-04-15 23:00:00,111.8481,20.0670147,117.891808,1155.52661,20233.2129,11.0363216
2020-04-16 03:00:00,111.261681,20.02293,117.858055,1157.4917,20217.7461,10.9984446
2020-04-16 07:00:00,111.561958,20.02369,117.677353,1155.05042,20204.84,11.0045061
2020-04-16 11:00:00,110.901375,19.8264618,117.12249,1141.0354,20023.6289,11.0103331
2020-04-16 15:00:00,110.667122,19.9652615,118.245178,1149.57361,20155.4023,10.9892
2020-04-16 19:00:00,110.118935,19.9615555,118.933784,1150.76477,20144.7246,10.9889383
2020-04-16 23:00:00,111.996254,20.2407131,118.968056,1168.17053,20419.9766,11.0249
2020-04-17 03:00:00,112.236877,20.2807274,118.638863,1171.688,20432.2129,10.9891
2020-04-17 07:00:00,111.807556,20.19015,118.49987,1166.77515,20373.55,10.9888477
2020-04-17 11:00:00,112.956886,20.1673279,116.919243,1163.5094,20350.6816,10.9651375
2020-04-17 15:00:00,117.060669,20.93629,117.246582,1202.12317,21113.9863,11.0056572
2020-04-17 19:00:00,117.078812,20.9381676,117.391052,1202.5188,21128.95,11.019207
2020-04-17 23:00:00,117.443047,21.0741787,118.0644,1212.71,21286.2363,11.0516443
2020-04-18 03:00:00,116.057,21.0783978,119.315208,1212.38489,21310.0723,11.0567636
2020-04-18 07:00:00,114.9194,20.9589214,119.571274,1208.98975,21137.9238,11.0095463
2020-04-18 11:00:00,115.458626,20.86564,118.422371,1202.093,21061.8574,10.9725084
2020-04-18 15:00:00,116.234978,20.91334,118.025925,1205.37878,21116.5215,10.972105
2020-04-18 19:00:00,116.361305,20.9458561,118.1555,1207.35693,21114.6719,10.97953
2020-04-18 23:00:00,118.359352,21.1827164,117.66465,1224.59436,21365.4824,10.9823751
2020-04-19 03:00:00,118.757065,21.1569271,116.77906,1224.07214,21339.3086,10.9800444
2020-04-19 07:00:00,117.775337,21.08517,117.352905,1217.87463,21265.76,10.9867029
2020-04-19 11:00:00,116.35318,20.86705,117.513969,1199.17554,21064.4063,11.0198755
2020-04-19 15:00:00,116.362915,20.9003983,117.5916,1199.45752,21110.2559,11.0438185
2020-04-19 19:00:00,115.415833,20.6894627,117.418137,1187.363,20874.8965,11.0371637
2020-04-19 23:00:00,117.683434,20.9125,116.651459,1204.717,21107.1816,11.0374613
2020-04-20 03:00:00,117.221214,20.9693031,117.219215,1210.23987,21154.1719,11.0085726
2020-04-20 07:00:00,116.824471,20.868536,117.110336,1204.061,21030.72,10.9978037
2020-04-20 11:00:00,116.650009,20.7327938,116.252617,1188.25208,20914.4941,11.0262289
2020-04-20 15:00:00,115.802589,20.703743,116.73317,1187.17322,20884.6113,10.9997549
2020-04-20 19:00:00,115.919815,20.853981,117.563332,1199.36255,21066.3633,10.9860468
2020-04-20 23:00:00,118.514641,21.3588257,117.987778,1224.35266,21560.8945,11.0331173
2020-04-21 03:00:00,117.527962,21.3866768,118.868156,1224.567,21504.89,11.0119629
2020-04-21 07:00:00,116.752464,21.1989346,118.546768,1218.745,21372.2,10.9874592
2020-04-21 11:00:00,129.100479,22.701395,116.640228,1320.46924,22942.8574,10.9515448
2020-04-21 15:00:00,131.75061,23.1534119,117.189453,1347.99561,23408.1641,10.998065
2020-04-21 19:00:00,124.911011,22.19631,118.825623,1294.20886,22461.0469,11.0398426
2020-04-21 23:00:00,120.516258,21.537941,118.490578,1256.12585,21774.4453,10.9768991
2020-04-22 03:00:00,121.318649,21.5593281,117.679466,1256.92139,21802.0645,10.9836254
2020-04-22 07:00:00,120.702011,21.39581,117.232979,1244.837,21596.9883,10.9881353
2020-04-22 11:00:00,117.149673,20.8058968,117.05545,1205.12854,21008.18,10.9719429
2020-04-22 15:00:00,120.803,21.4015121,117.010559,1241.452,21605.166,10.968853
2020-04-22 19:00:00,118.92646,21.2849674,118.332535,1231.24939,21490.1,11.0054712
2020-04-22 23:00:00,120.126343,21.3253441,117.474945,1241.85193,21562.6582,10.9893579
2020-04-23 03:00:00,120.477043,21.5209618,118.003204,1252.17688,21740.5859,10.978672
2020-04-23 07:00:00,124.932655,22.1193314,116.983437,1284.055,22324.041,10.9845152
2020-04-23 11:00:00,128.929291,22.9443817,117.174927,1322.43579,23144.6074,10.9943857
2020-04-23 15:00:00,124.833908,22.1866512,117.416656,1280.80957,22410.6348,10.9998178
2020-04-23 19:00:00,121.992928,21.70995,117.872681,1254.01257,21944.168,11.0472441
2020-04-23 23:00:00,121.701195,21.79204,118.645172,1265.48547,22025.1738,11.004241
2020-04-24 03:00:00,121.462173,21.7280312,118.308083,1268.11963,21999.8613,10.9655886
2020-04-24 07:00:00,120.325119,21.5326214,118.213196,1252.666,21763.3984,10.9858208
2020-04-24 11:00:00,121.030441,21.44182,116.889359,1243.279,21690.668,10.98774
2020-04-24 15:00:00,120.764549,21.480423,117.552361,1241.757,21718.5547,11.0202837
2020-04-24 19:00:00,123.685463,22.07296,117.325691,1271.4917,22274.041,10.9983616
2020-04-24 23:00:00,124.128845,22.2692986,118.063446,1282.96313,22482.0781,11.0293036
2020-04-25 03:00:00,122.756851,22.1642742,118.419991,1282.86108,22392.9863,10.9740629
2020-04-25 07:00:00,122.153458,22.0924683,118.462578,1277.25476,22291.5039,10.9630451
2020-04-25 11:00:00,122.173073,21.8247147,116.829483,1258.396,22033.1816,10.956027
2020-04-25 15:00:00,122.387779,21.8676586,116.976418,1256.08557,22085.1816,10.9983387
2020-04-25 19:00:00,121.235023,21.6883945,117.329491,1247.75745,21882.2441,10.9923964
2020-04-25 23:00:00,121.824608,21.8449211,117.869339,1260.80566,22029.0918,10.9940929
2020-04-26 03:00:00,120.985458,21.9361134,119.091972,1266.34143,22160.1465,10.9978914
2020-04-26 07:00:00,120.530258,21.8476658,118.898445,1261.66455,22065.9082,10.9922571
2020-04-26 11:00:00,119.845528,21.705637,118.565506,1249.44348,21915.1445,10.9948368
2020-04-26 15:00:00,119.953751,21.6976814,118.289345,1251.46326,21904.0859,10.9550734
2020-04-26 19:00:00,120.536705,21.7457561,118.095123,1254.05566,21931.0586,10.9645243
2020-04-26 23:00:00,122.507553,21.9970779,117.834091,1270.302,22207.5215,11.0060215
2020-04-27 03:00:00,121.531181,21.9303074,118.403313,1267.65771,22150.4414,10.9924355
2020-04-27 07:00:00,121.538284,21.9361629,118.473625,1268.626,22142.74,10.9759665
2020-04-27 11:00:00,120.1904,21.5502052,117.465881,1238.35474,21740.2441,10.9943943
2020-04-27 15:00:00,114.856827,20.7257366,117.97702,1187.75867,20929.6055,11.0181074
2020-04-27 19:00:00,111.36496,20.304039,119.163795,1163.66772,20496.8965,11.0244646
2020-04-27 23:00:00,113.003777,20.48415,118.747063,1179.8103,20682.125,11.0118647
2020-04-28 03:00:00,112.559296,20.5408325,119.35321,1178.58459,20736.1074,11.060976
2020-04-28 07:00:00,112.081078,20.3860149,118.793678,1176.398,20591.6875,10.9823866
2020-04-28 11:00:00,113.232475,20.32775,116.961174,1168.77759,20487.3965,10.9620323
2020-04-28 15:00:00,113.759331,20.5102119,117.679161,1176.98352,20711.2148,10.9892979
2020-04-28 19:00:00,113.9079,20.4918118,117.55571,1179.04065,20689.3574,10.9830236
2020-04-28 23:00:00,114.1536,20.685936,118.701416,1193.66565,20877.5938,11.0056372
2020-04-29 03:00:00,112.890945,20.5330086,119.013611,1180.77417,20730.2188,11.0374527
2020-04-29 07:00:00,112.2927,20.4679756,119.235321,1176.82666,20651.5527,11.0339
2020-04-29 11:00:00,112.941772,20.2948818,117.271065,1168.605,20490.0371,10.9739408
2020-04-29 15:00:00,107.288231,19.4230938,117.806488,1114.32764,19582.15,10.9754162
2020-04-29 19:00:00,107.80526,19.5465622,118.016533,1120.8905,19706.68,10.977438
2020-04-29 23:00:00,108.778282,19.7217026,118.381828,1128.111,19892.4668,11.0582075
2020-04-30 03:00:00,107.1773,19.682951,119.61039,1131.54919,19865.56,11.0072117
2020-04-30 07:00:00,106.730019,19.5277176,119.070885,1125.77747,19701.0176,10.9615774
2020-04-30 11:00:00,108.342056,19.4736938,116.883423,1112.94653,19625.5488,10.9971237
2020-04-30 15:00:00,107.580841,19.485,117.807281,1116.35889,19671.6582,10.9852114
2020-04-30 19:00:00,107.719826,19.49383,117.778534,1115.1001,19671.6582,11.0006323
2020-04-30 23:00:00,107.416718,19.63994,119.369621,1127.68079,19803.5938,11.00593
2020-05-01 03:00:00,107.574074,19.5985565,118.631889,1127.79016,19749.6367,10.9698734
2020-05-01 07:00:00,108.112671,19.5505238,117.789978,1124.45251,19711.9219,10.9858561
2020-05-01 11:00:00,108.721733,19.4925823,116.532349,1119.29517,19651.8242,10.977169
2020-05-01 15:00:00,105.62233,19.03802,117.083557,1088.75916,19201.92,11.00377
